{"type":"FeatureCollection","attribution":"Derived from MLIT National Land Numerical Information (N03) via open-data-jp-prefectures-geojson (MIT)","features":[{"type":"Feature","properties":{"code":"01","name":"北海道"},"geometry":{"type":"MultiPolygon","coordinates":[[[[143.77645138762148,44.18468694574602],[143.41086219193664,44.30975982025956],[143.34879719773255,44.370489847328656],[142.9897608302981,44.56061138690603],[142.65755916972,44.842629720785055],[142.50437111473525,45.06007110829506],[142.1714391956624,45.34322180194465],[142.0456613875631,45.40579722526178],[141.94653922230736,45.522147999730464],[141.89251805406502,45.510826946206635],[141.8646311152338,45.440640558614916],[141.79787360608213,45.40705817099786],[141.68102972793963,45.40301917089806],[141.69647763903185,45.41521238694213],[141.64315330687964,45.448968359901926],[141.6551880542853,45.35233610802504],[141.60724260686084,45.31190772126439],[141.56892972772482,45.19827833307869],[141.7366747210616,44.887323612694615],[141.7898880543903,44.60506305361707],[141.748662503172,44.435825279213304],[141.64735691259148,44.316073703138954],[141.6462932556293,43.941959802303074],[141.62953647213055,43.963134892061646],[141.6268298311319,43.92097244062569],[141.56072416318966,43.85897555927471],[141.38752583744747,43.80670194643773],[141.32877722368994,43.72504917128231],[141.3856320225998,43.59132172142034],[141.3577213884314,43.51797889241203],[141.42819138802224,43.419216667315425],[141.42342221756132,43.328130000299325],[141.3007351616984,43.221273505368],[141.29407732770653,43.18544441432829],[141.27612577238654,43.20068510813127],[141.1621382229007,43.14394261296127],[141.01375713418452,43.19000358589682],[141.0098721924478,43.2397956400568],[140.7903773928025,43.194831640367966],[140.77492869030687,43.226840414053925],[140.6427910511661,43.264414504625734],[140.6304280539116,43.29782694555712],[140.49646472087022,43.37269305434103],[140.46161693857096,43.37218777474607],[140.42951722364103,43.329586667290926],[140.34624167311483,43.33379333339565],[140.32454500624715,43.220944170936775],[140.52905894871162,43.028432306206014],[140.52060678287683,42.99076789222448],[140.39016167322268,42.922863892254895],[140.30444360628746,42.82866861336589],[140.30443167318322,42.77745361319376],[140.24630277595236,42.767968891651094],[140.18614639404086,42.8277463873859],[140.1442663935793,42.75455499971349],[140.0532492477546,42.698212693860796],[139.89840778199357,42.67978389171327],[139.82316527905448,42.613055278678246],[139.85290444898123,42.46461361342756],[139.77652778223148,42.3422838923878],[139.7744783397037,42.25915305357063],[139.87846111488864,42.2099236125847],[139.9207352792098,42.133068332937285],[140.0235880544452,42.11456694560809],[140.13275527913288,41.97510555867467],[140.12223082978903,41.822529720770035],[140.07143744528196,41.80708861304913],[139.98207953334384,41.606911748278606],[140.03872722378242,41.44404083761464],[140.19923389143105,41.39789722507692],[140.25863121855593,41.48090369395038],[140.4092091702671,41.5169663865895],[140.43968555134722,41.55345277502562],[140.4418365893872,41.6811043871578],[140.60105749720583,41.74179861311558],[140.63951241166853,41.816423946408065],[140.71582834000594,41.80668653155823],[140.70317224380403,41.74007002711011],[140.78619335903636,41.77379408133186],[140.96693778185318,41.71003855863262],[141.0526916732822,41.72594250514254],[141.11032639394796,41.785417774710595],[141.18647744507814,41.802177667165665],[141.11092610865308,41.87390138733923],[140.961186420417,41.91524217138914],[140.75916000003406,42.11690166657871],[140.70683946776728,42.13795477499292],[140.54864944201825,42.11351744127694],[140.39413727561487,42.221377000448285],[140.28808002617234,42.25186672117229],[140.27717897492983,42.32053733293162],[140.31535306079513,42.41895889213919],[140.4756799998322,42.588991386643215],[140.58270472104607,42.56618361278356],[140.7086261086081,42.582586387152105],[140.77080700384022,42.54005817064814],[140.7800048902136,42.49923208119566],[140.87404900116053,42.458009000415075],[140.91578350210705,42.36600089162789],[141.0075501950855,42.34827386464718],[140.98173786001428,42.32312825186739],[140.93087299559238,42.34045658600269],[141.00254105132854,42.30099155931305],[141.12383797744076,42.41877097340176],[141.34776069979648,42.54120158578462],[141.69540581082958,42.65739633327422],[141.62488616056794,42.62013586507817],[141.81542586331295,42.613416027327844],[141.90233557692545,42.57809777459266],[142.02730264620027,42.48508509879832],[142.19153972777633,42.44913777478854],[142.27438749688554,42.37642250529444],[142.48353802905683,42.26909380243711],[142.81495916982988,42.14152361312432],[142.96400083037406,42.11877610823086],[143.1342599998991,42.02783833297275],[143.24910333255286,41.92436694557813],[143.25643666711858,41.9980494413287],[143.3121344486459,42.05387944118331],[143.3359694416365,42.20160917072673],[143.3089163937766,42.256777224589314],[143.34770549900963,42.30242444103516],[143.31979077832182,42.29592702721061],[143.39941916965904,42.43145555922672],[143.60058082984153,42.64410500004578],[143.92885027222235,42.88025666671183],[144.14437391662307,42.97659862192893],[144.27606391731604,43.00363036035293],[144.35751581090597,42.997513413713136],[144.36235583715222,42.97063153201964],[144.44719622602508,42.94383722540766],[144.78154527879167,42.934125559047345],[144.72199722439245,42.980845837565425],[144.80265916968494,43.058914864729275],[144.8543167442224,43.04873366682534],[144.8323005581243,43.01422213474376],[144.8765350061857,42.98588417061802],[144.97372389074508,42.98128389193812],[145.09866333284663,43.07710417112065],[145.17264833984905,43.07603417124005],[145.114053332995,43.08755777457168],[145.14570416301683,43.14469527896398],[145.42537555144065,43.18740417106568],[145.51995861170064,43.16482472068435],[145.5094695848535,43.18815710776437],[145.55647111465032,43.21884610836128],[145.56792204916326,43.28303883827181],[145.81198861228472,43.36908222506469],[145.76222389121972,43.39886694565308],[145.6523525027659,43.39189638680887],[145.4928377819382,43.26657750544757],[145.39687778228392,43.29102000037278],[145.27771111537572,43.40211250538789],[145.19360999980177,43.620511946069485],[145.33986350209898,43.584946171128934],[145.28680841797416,43.55033527924979],[145.34237632930422,43.556231278650614],[145.34332544681195,43.58394700005408],[145.14409416341493,43.646369440597255],[145.06895221817035,43.7481694406672],[145.0610830612344,43.805916946210175],[145.09599055761817,43.89500666682426],[145.36708360622356,44.25864694619963],[145.3323561091472,44.34510305436254],[145.19147917042744,44.19501889160864],[145.0152211145629,44.100106666889246],[144.8340547208487,43.95135889219915],[144.71941500639753,43.92002138687758],[144.36636722356855,43.954606107585846],[144.2989322182474,43.98232530576831],[144.29133377433425,44.02467105432572],[144.25501144022587,44.03841863970848],[144.24367360625195,44.113491667206745],[144.18727778174434,44.103850558956196],[143.7776463941658,44.18443361302087],[143.77645138762148,44.18468694574602]]],[[[146.13498946818947,43.548903973139886],[146.05853808036818,43.52206469413039],[146.11574985707034,43.45831608092243],[146.19667513644845,43.494590107947204],[146.17819924759726,43.50331766687685],[146.2042010887094,43.53370897299078],[146.13516732800986,43.54889502668419],[146.13498946818947,43.548903973139886]]],[[[145.89072585011797,44.09445651425676],[145.94315230903192,44.15174341402741],[146.04661938957327,44.18404610774172],[146.11023525295468,44.26243802659371],[146.29614686098887,44.27566961336203],[146.43150075185827,44.37591317115596],[146.4920364201447,44.35448408137529],[146.57741968926734,44.45494153212604],[146.33771953342978,44.417424505336726],[146.17110433229914,44.51726383765606],[146.12930075172835,44.50791586522507],[146.0072438391319,44.38206308064673],[145.98790000018494,44.318804305674234],[145.74414542177385,44.104487639592946],[145.74136496801896,44.051131504715215],[145.40466128419098,43.840402558930975],[145.42744654981846,43.7270093866739],[145.5503235541887,43.73100227943172],[145.5467285206048,43.65444458634863],[145.58511252892015,43.86237510812481],[145.64943394282227,43.9084655320587],[145.78108272398856,43.931934170925274],[145.81764457813483,44.021394801628844],[145.87814247669405,44.02101244137111],[145.8637839170941,44.05268338742843],[145.8902341889567,44.09410672114831],[145.89072585011797,44.09445651425676]]],[[[148.3659758746869,45.2272608107379],[148.49430250265846,45.256156252009475],[148.63898605666122,45.33533386536567],[148.84180666744385,45.33620741374119],[148.87656425403713,45.394356667126544],[148.82681197059605,45.449119892069405],[148.8862616337675,45.48186141357343],[148.88979635521764,45.51742663992752],[148.78369289231318,45.55682258609352],[148.65415474714393,45.53854991884373],[148.4862804672698,45.420634000258985],[148.41810111467476,45.32721519782319],[148.16637588813683,45.25858825174646],[148.02912616074377,45.27112233332906],[147.96472688713618,45.42023619774238],[147.90375228314144,45.429875612569504],[147.84890138778883,45.36577155941001],[147.86927949385358,45.22363799979394],[147.73476213976096,45.19366441438126],[147.69290968913094,45.14189338677045],[147.69765391689486,45.10396083812225],[147.65088891059486,45.07867846813684],[147.50490204919026,45.117723693993355],[147.53473069986194,45.07125425168243],[147.50659483768163,44.98929738696489],[147.2655801167291,44.86807166737361],[147.23858530536756,44.806460278619],[147.1072620491043,44.82229163994725],[147.12576522698373,44.77044561337442],[147.19487686087848,44.76088935975622],[147.18593778230286,44.6971524143525],[147.09650094676135,44.6385557212696],[147.00643189411664,44.6592541982227],[147.03354732794685,44.61636602717044],[146.9930195328252,44.57543472063588],[146.9481575225517,44.63146069355622],[146.930802554994,44.590426467707346],[146.9523195328203,44.54978422486215],[146.88499263320352,44.50906005377851],[146.85817914405231,44.45132710825948],[146.95454907897692,44.42633530562989],[147.07425830058014,44.55567605410664],[147.207019921732,44.56855877496753],[147.33499060972895,44.71420691931394],[147.59689367070644,44.85330261312515],[147.65158477271916,44.91911519830779],[147.61097527868628,44.94292077537352],[147.65520844431433,44.994634026938854],[147.7262491698633,45.00281141391565],[147.78478494197157,44.947658802311935],[147.90454786029557,44.96101217077512],[148.09964544677996,45.11264977476736],[148.36548428007552,45.22713664044363],[148.3659758746869,45.2272608107379]]],[[[146.83198749742508,43.886930360048154],[146.72164233532555,43.84592327933592],[146.74871282733523,43.81458122524339],[146.7210448383487,43.83229189175745],[146.58818814536664,43.80839908135255],[146.60760299568176,43.76746446801087],[146.58564418902813,43.744256837583066],[146.62509391735045,43.75598358607368],[146.63977780759978,43.703601198436616],[146.6747687808546,43.70652380173209],[146.6955560307863,43.74593994577191],[146.7314497282224,43.73656146833713],[146.79701669326585,43.786499558907565],[146.84968555094747,43.78675764005311],[146.83827435837497,43.80849183832771],[146.90580438426502,43.81126802659821],[146.91469063576426,43.84727261314066],[146.83251756233574,43.88689194640625],[146.83198749742508,43.886930360048154]]],[[[141.24610527923528,45.100688612589465],[141.32999722419265,45.14948277540981],[141.32461333293907,45.1836605591875],[141.2756952786143,45.233794720849744],[141.19350888532688,45.25919694618216],[141.1268380537333,45.185955279212806],[141.24592138766195,45.10050722472869],[141.24610527923528,45.100688612589465]]],[[[140.96734666671534,45.46421861259893],[141.01463306126686,45.28407889212724],[141.04355396864082,45.27410713463661],[141.06739503205517,45.42397450501943],[141.03389610871852,45.46080805424833],[141.01268581140118,45.43303891941065],[140.9674705582197,45.46417555935466],[140.96734666671534,45.46421861259893]]],[[[139.55969949403652,42.24941866673811],[139.43543194622737,42.21587305419814],[139.406792775766,42.17995305429008],[139.42078250271038,42.07173777457871],[139.4498187553313,42.051941251987216],[139.50494833979405,42.09782138744714],[139.5597478856564,42.24914658584629],[139.55969949403652,42.24941866673811]]]]}},{"type":"Feature","properties":{"code":"02","name":"青森県"},"geometry":{"type":"MultiPolygon","coordinates":[[[[140.6607922310767,40.94845212566514],[140.6328398054128,41.191133468434884],[140.55015569403008,41.22961466738303],[140.46385897541143,41.18229491877554],[140.33893418866194,41.259901919238246],[140.32180661468362,41.148118332894796],[140.2486723870211,41.13376480230386],[140.3239663545637,41.06724466740752],[140.2561950837362,40.80840019801076],[140.12274752268013,40.74258002704664],[140.0538388846569,40.769247135347086],[139.99971622612304,40.74767494634176],[139.9287513098252,40.64254397342569],[139.86078321697198,40.61579141424244],[139.86913411194973,40.58398338722361],[139.91843050566342,40.58579410831152],[139.94007286606995,40.55301627937786],[139.9363097797726,40.42820383773699],[140.0195198830362,40.41988191891545],[140.0227222438366,40.45126830598758],[140.0681491704479,40.46885986539053],[140.11162241164504,40.43541586455058],[140.33521608285605,40.43938344139275],[140.38770817069553,40.48710244132468],[140.529652607382,40.43053525190038],[140.54051944211858,40.402701586209275],[140.56706953333241,40.39864069391297],[140.5533671730567,40.42056353218129],[140.5897305063578,40.43611291917591],[140.65264958491048,40.403348559388576],[140.80364866395473,40.44864572102324],[140.82002555133818,40.49533027936894],[140.87833938965116,40.511030134633074],[140.861322606753,40.4406293063974],[140.98515355439304,40.427217865112425],[140.9954322828736,40.353365224825325],[140.96208128362446,40.34713389161584],[140.94571046666476,40.2580749188225],[141.01242224439113,40.21770705373757],[141.31600306089263,40.37262194644575],[141.350996641282,40.33107297293941],[141.44172031134337,40.37605646813154],[141.53903099918136,40.347972612845865],[141.58692175073827,40.40696077541952],[141.68266683490663,40.4502939732883],[141.57596834006688,40.54311010764542],[141.5345628273127,40.52718180209854],[141.48749116658416,40.5567876133577],[141.5280940595933,40.55873544058818],[141.48235662765626,40.56886660381076],[141.4245654726185,40.70680410842294],[141.40005320379237,40.92622431470039],[141.37573688734756,40.936218973426946],[141.39393922221734,40.93677966744775],[141.39090730183057,41.17845791899782],[141.46277308700837,41.43093205417102],[141.38784605724982,41.375743467886764],[141.27193686069768,41.354181720909764],[141.112655667725,41.462945197662805],[141.00218044117446,41.48564366702169],[140.90769394292124,41.54414674787415],[140.9087489106338,41.49463163993829],[140.837610751635,41.4202522793193],[140.80100766537157,41.32804658588128],[140.7641890529825,41.14564589244401],[140.81149316507754,41.127653360414286],[140.98032250338088,41.1991367754419],[141.05559208760485,41.182555080952284],[141.18825133623022,41.27934417099675],[141.2790599481582,41.158343306198674],[141.22168756243116,40.97277419777106],[141.16796483780706,40.89439469405994],[141.11306333310642,40.870554225097464],[141.06424513590434,40.91333605401576],[140.97192616116342,40.934672135011056],[140.984480725705,40.959610080840605],[140.94870939002635,40.99235477515282],[140.87892586273847,41.009897945633725],[140.83790778241826,40.953304999626084],[140.8717723350253,40.943710639934125],[140.8599380033362,40.888387360388435],[140.74926649795054,40.82967953178502],[140.69120247691285,40.861315081425914],[140.66075233535207,40.94817366678137],[140.6607922310767,40.94845212566514]]]]}},{"type":"Feature","properties":{"code":"03","name":"岩手県"},"geometry":{"type":"MultiPolygon","coordinates":[[[[141.97950144013942,39.83089677516608],[141.93975924779113,39.91958853228499],[141.95597124537676,39.983761360198685],[141.83336345036298,40.074509748126445],[141.82842306067573,40.11248844098884],[141.87654875472128,40.14375966717495],[141.7940232810496,40.190717197640595],[141.83537586330556,40.21724677531847],[141.8250456936039,40.25215427889691],[141.68266683490663,40.4502939732883],[141.58692175073827,40.40696077541952],[141.53720155600706,40.347384558750434],[141.44172031134337,40.37605646813154],[141.350996641282,40.33107297293941],[141.31600306089263,40.37262194644575],[141.09984902681117,40.28095769434219],[141.10417092125113,40.25581253212272],[141.0223705322743,40.22026733277124],[140.95507389124714,40.24762813493055],[140.9051594420547,40.22191933341054],[140.859189974238,40.17142589169163],[140.8810268346208,40.11372630562454],[140.84436894906776,40.0733637213587],[140.87814128429295,39.87459558611744],[140.78221163405976,39.86770636016047],[140.78664894928966,39.82339938717206],[140.84827055793994,39.79325138724175],[140.77482247677597,39.73455272093139],[140.82257581102488,39.688174747766425],[140.8223041366267,39.64995336025942],[140.7296194157035,39.56512799995727],[140.7244045529278,39.48053435987288],[140.68190092119062,39.457223332590786],[140.6531248118606,39.390998440625594],[140.7082018291511,39.33445944135019],[140.69358588807836,39.299592972937376],[140.78866238655996,39.23842866684953],[140.76484905284156,39.197760467771445],[140.8081957198566,39.180417278634536],[140.74894147936584,39.13812219788116],[140.76998075171036,39.124164865416276],[140.75270044137233,39.086196333094335],[140.81025046658579,39.05740897324557],[140.76403289200448,39.00019205421995],[140.7735901690511,38.95808446772406],[140.82445591390933,38.96408094567914],[140.989813112785,38.87431750514878],[141.13983080394848,38.87750464042688],[141.1045153831784,38.823265332629035],[141.23315472071386,38.747682775339854],[141.30929586311368,38.82222972102488],[141.39381267231704,38.799839864817955],[141.409881335955,38.76782269416208],[141.43796005161516,38.78229038739153],[141.4508528268965,38.875797414219335],[141.4918614139732,38.91281402674599],[141.492381971251,38.99895972131412],[141.62920914408676,38.970247640116554],[141.62753766503124,39.002653387144164],[141.66994941573296,39.00524127896193],[141.70386130955183,38.9382398017255],[141.7284239952712,38.952273504618574],[141.6964335281848,38.969959053967216],[141.71124893618946,38.996452846721525],[141.7442291701401,38.99018346769293],[141.70954333325824,39.02425600021428],[141.72967277587793,39.070920080996984],[141.733447522785,39.0215907478148],[141.85296666727788,39.02888561298073],[141.81454150508648,39.058333026647915],[141.87592442287394,39.064754305666725],[141.82337031059137,39.07527017098164],[141.81104152984278,39.11158955891108],[141.8808019967148,39.08393027895926],[141.9210769393493,39.10454989166425],[141.83578099889405,39.14618897274295],[141.92225527875814,39.177937693969454],[141.86680752314874,39.20636572070151],[141.94761736734768,39.21698458626969],[141.97130075172834,39.2476678923594],[141.8899386122772,39.24768269430098],[141.88906403417786,39.27374880186579],[141.92963949426735,39.27048230591373],[141.887223645355,39.30315844130905],[141.97024274970317,39.31298836042453],[141.9969610510118,39.35070983818855],[141.89896936414493,39.33734489185332],[141.957435694202,39.3559933327262],[141.96651077815,39.37785383808421],[141.9379693900754,39.38458477526723],[141.9750330866077,39.42703336040131],[142.03607786020518,39.41849105371921],[142.06152105055605,39.471466639573805],[142.03572994757906,39.483459224963326],[141.9797310892185,39.43913930623404],[141.95373185524102,39.46661974790311],[142.01107405972016,39.476680505001355],[142.07246557682492,39.54687605398675],[142.0274292221809,39.575048720921814],[142.02585822257902,39.65557653233117],[141.94540297027095,39.5952189459976],[141.9833400002409,39.647040359924745],[141.97194599191403,39.73177970277112],[142.00415530542307,39.75160283810055],[141.979516161142,39.83089995516883],[141.97950144013942,39.83089677516608]]]]}},{"type":"Feature","properties":{"code":"04","name":"宮城県"},"geometry":{"type":"MultiPolygon","coordinates":[[[[140.56323719833813,38.3771954140372],[140.47118016912952,38.26936144057805],[140.4799681705947,38.18137335979276],[140.41767416313223,38.0803352788501],[140.27758427959088,38.05671261309669],[140.27488922186012,37.98202577516946],[140.348590894754,37.95015727863557],[140.40752413662972,37.97362310802009],[140.4748798307396,37.946782224619994],[140.48885771720995,37.89947077495634],[140.56637924790402,37.92279089168636],[140.68854494159586,37.88913469401098],[140.68535108928143,37.81567544056918],[140.72696983129276,37.781479171226806],[140.79790914389196,37.77480674843275],[140.7751404149982,37.80636558590311],[140.85218596600964,37.79548166674556],[140.85625141427147,37.89090005419422],[140.93117083036964,37.89619743156629],[140.91500075198314,38.00076417072995],[140.93995160758072,38.1273917752103],[140.99520778241333,38.22962330597085],[141.04688871594158,38.26464086498396],[140.99891844363128,38.2731088022295],[141.08996516186278,38.300366748027045],[141.02457022003966,38.31992246814747],[141.0619613363467,38.36938853155556],[141.1070347727366,38.38632477476858],[141.15864155626286,38.35354710771293],[141.26660255536365,38.419386694140655],[141.28578749669566,38.41617761270669],[141.26442221831076,38.39772244063818],[141.36371224382503,38.41189969421555],[141.37317849509157,38.383265198430195],[141.4088267828298,38.40403574795147],[141.45900136182343,38.37416558637278],[141.41596053175317,38.34603366682035],[141.46232425426103,38.35143853206267],[141.47423163428255,38.32930858622234],[141.44947130995308,38.31525327891575],[141.52500924827825,38.27260230585176],[141.53420121891122,38.33977597268307],[141.481432387195,38.3757217480603],[141.53904686142357,38.400856252414144],[141.50001852123785,38.4159049733359],[141.46976985659364,38.39424991899864],[141.4473903371944,38.44389450502746],[141.51267814458072,38.45002233256463],[141.4763696501393,38.46381440471106],[141.4972707776244,38.49534525168207],[141.4695762262619,38.52120761334072],[141.53731946791913,38.49038772091666],[141.53484639434566,38.546973305973324],[141.49311267221208,38.533241278861965],[141.45856469510466,38.57848596415596],[141.52968780844571,38.63702680214527],[141.44315010389425,38.643335666807616],[141.44403505837136,38.67256525208478],[141.49471516157553,38.674028135190326],[141.52573594006162,38.717176386581],[141.56169693916252,38.691422359954004],[141.565369637299,38.73962974841419],[141.51166466888947,38.767792828576205],[141.60368046688006,38.82780873008886],[141.58189472126446,38.91013278440056],[141.60471686089443,38.87986789238937],[141.63829352792402,38.90231058556515],[141.67463500590088,38.85817169406846],[141.64395797707903,38.955887333133944],[141.492381971251,38.99895972131412],[141.4918614139732,38.91281402674599],[141.4508528268965,38.875797414219335],[141.43796005161516,38.78229038739153],[141.409881335955,38.76782269416208],[141.39381267231704,38.799839864817955],[141.30929586311368,38.82222972102488],[141.23315472071386,38.747682775339854],[141.1045153831784,38.823265332629035],[141.13983080394848,38.87750464042688],[140.9854791053765,38.87527644055535],[140.82445591390933,38.96408094567914],[140.74525114102744,38.95637191932866],[140.6391558367725,38.8832276399437],[140.54711644596728,38.88920780239823],[140.5400464203061,38.86189161290764],[140.59072824930934,38.83604419798138],[140.60352616140324,38.78370519813643],[140.64649542162647,38.769098801568475],[140.60703894928815,38.72131310791366],[140.62442413676456,38.68717119809236],[140.60201977988902,38.640603919435364],[140.537399468211,38.635383414313196],[140.57846719830263,38.570085747659164],[140.55408450109894,38.54075897264852],[140.56740849500613,38.50130261272545],[140.62003963691973,38.45519833293679],[140.58039260723308,38.4372689189255],[140.56338024630134,38.3771954140372],[140.56323719833813,38.3771954140372]]]]}},{"type":"Feature","properties":{"code":"05","name":"秋田県"},"geometry":{"type":"MultiPolygon","coordinates":[[[[140.05965693891665,39.597787586028346],[140.01000105110768,39.37220630607624],[139.96807693889969,39.29694986544399],[139.91575102508978,39.27559344088462],[139.86958985688648,39.11825817127766],[139.9944467187412,39.1055156403346],[140.06243919581232,39.13349864025008],[140.0627307776034,39.092546694274574],[140.1518638392448,39.048395946116045],[140.19810713443678,39.06125658592276],[140.22673428006306,39.0272093333441],[140.3107225289216,39.01358922506273],[140.32910247719758,39.03480217088355],[140.37622510970107,38.994458332985744],[140.43185856002458,38.99190200017722],[140.46212219208553,38.91943146768813],[140.56198577192595,38.87301335957892],[140.65407652391252,38.889013000249804],[140.7735901690511,38.95808446772406],[140.76403289200448,39.00019205421995],[140.81025046658579,39.05740897324557],[140.75270044137233,39.086196333094335],[140.76998075171036,39.124164865416276],[140.74894147936584,39.13812219788116],[140.8081957198566,39.180417278634536],[140.76484905284156,39.197760467771445],[140.78866238655996,39.23842866684953],[140.69358588807836,39.299592972937376],[140.7082018291511,39.33445944135019],[140.6531248118606,39.390998440625594],[140.68190092119062,39.457223332590786],[140.7244045529278,39.48053435987288],[140.7296194157035,39.56512799995727],[140.8223041366267,39.64995336025942],[140.82257581102488,39.688174747766425],[140.77482247677597,39.73455272093139],[140.84827055793994,39.79325138724175],[140.78664894928966,39.82339938717206],[140.78223635462416,39.867848586143396],[140.87814128429295,39.87459558611744],[140.84531272370327,39.974959108076405],[140.84447780840424,40.074590946115336],[140.8810268346208,40.11372630562454],[140.859189974238,40.17142589169163],[140.95507389124714,40.24762813493055],[140.96208128362446,40.34713389161584],[140.9954322828736,40.353365224825325],[140.98497241204723,40.42751730607887],[140.861322606753,40.4406293063974],[140.87747466902078,40.51111653160268],[140.82002555133818,40.49533027936894],[140.80364866395473,40.44864572102324],[140.65264958491048,40.403348559388576],[140.5897305063578,40.43611291917591],[140.5533671730567,40.42056353218129],[140.56706953333241,40.39864069391297],[140.54051944211858,40.402701586209275],[140.529652607382,40.43053525190038],[140.38770817069553,40.48710244132468],[140.33521608285605,40.43938344139275],[140.11162241164504,40.43541586455058],[140.0681491704479,40.46885986539053],[140.0227222438366,40.45126830598758],[140.0195198830362,40.41988191891545],[139.9363097797726,40.42820383773699],[140.02520666685427,40.35311791935652],[139.98339058390843,40.21110061330273],[140.02556688670256,40.21674450485506],[139.9780857457606,40.202367108055626],[139.96548722415616,40.10974810778902],[139.8727386378779,39.988770747671936],[139.80081652366368,39.95662355932984],[139.70095444928847,40.006976892069986],[139.69423116713472,39.97949644140772],[139.75530136186842,39.85684508143544],[139.86124858555388,39.86633172123203],[139.8585294943407,39.89599433277232],[139.90719605685263,39.902216559446686],[140.00202538296514,39.85160136031459],[140.04166311276254,39.78512894614403],[140.027743165115,39.76912424318931],[140.0502765504225,39.77063108065988],[140.059671310083,39.598018360159244],[140.05965693891665,39.597787586028346]]]]}},{"type":"Feature","properties":{"code":"06","name":"山形県"},"geometry":{"type":"MultiPolygon","coordinates":[[[[140.52166805393756,38.34966717070341],[140.62003963691973,38.45519833293679],[140.56740849500613,38.50130261272545],[140.55408450109894,38.54075897264852],[140.57846719830263,38.570085747659164],[140.53746919624643,38.63567591880866],[140.60201977988902,38.640603919435364],[140.62442413676456,38.68717119809236],[140.60703894928815,38.72131310791366],[140.64649542162647,38.769098801568475],[140.5400464203061,38.86189161290764],[140.547472802328,38.89107166712381],[140.46212219208553,38.91943146768813],[140.43185856002458,38.99190200017722],[140.37622510970107,38.994458332985744],[140.32910247719758,39.03480217088355],[140.3107225289216,39.01358922506273],[140.22673428006306,39.0272093333441],[140.19810713443678,39.06125658592276],[140.1518638392448,39.048395946116045],[140.0627307776034,39.092546694274574],[140.06243919581232,39.13349864025008],[139.9944467187412,39.1055156403346],[139.86958985688648,39.11825817127766],[139.8358725547746,38.95599277504658],[139.7952507517209,38.93574519838228],[139.75379555142365,38.78599363999456],[139.62447208791662,38.68479113510284],[139.53934228282014,38.55793022490002],[139.72176447455092,38.49622633277909],[139.70980505795717,38.38676522493523],[139.8489355771153,38.34284674827887],[139.89982438418804,38.28744425195072],[139.78636569362197,38.19224399956096],[139.6986362776422,38.202945748447576],[139.67133313911313,38.07687417140596],[139.69272552486314,38.0570286402596],[139.63937518791465,37.98570499968605],[139.63845763930863,37.880022774731344],[139.80948544679597,37.80330269376435],[139.9370319461674,37.82829586516209],[139.99256875534388,37.758699531758054],[140.05125961104227,37.77935961305576],[140.1153711672456,37.734356000029436],[140.2372548641207,37.746468467745615],[140.29882128407507,37.80792374768288],[140.26211596557937,37.834416305668015],[140.27709036292993,38.05616066678141],[140.41767416313223,38.0803352788501],[140.4799681705947,38.18137335979276],[140.47118016912952,38.26936144057805],[140.52974202337577,38.32069758572504],[140.52189360570537,38.34922438679604],[140.52166805393756,38.34966717070341]]]]}},{"type":"Feature","properties":{"code":"07","name":"福島県"},"geometry":{"type":"MultiPolygon","coordinates":[[[[140.4748798307396,37.946782224619994],[140.27723671859974,37.975577747615034],[140.26211596557937,37.834416305668015],[140.29880182904128,37.80780819828976],[140.2355073276011,37.745886000238784],[140.1153711672456,37.734356000029436],[140.05142655039504,37.779332946358466],[139.98649871644272,37.76040813482763],[139.9370319461674,37.82829586516209],[139.81002988287287,37.803237134985864],[139.78295447516894,37.83196880161893],[139.68082919571088,37.84695086479064],[139.71464955922988,37.85292161314197],[139.74150538306708,37.81771277462491],[139.65788766478397,37.7550074676206],[139.62727756171012,37.68836472095518],[139.5492926067684,37.64903780225285],[139.5851057717141,37.51289705405583],[139.42942394256102,37.51470858633223],[139.39751269765293,37.45983917124079],[139.22358610901176,37.449171027321086],[139.1974007783233,37.41109441357639],[139.23150150459082,37.387877504843004],[139.23362182898427,37.34360650473644],[139.16476577162314,37.23732530611801],[139.25384569412358,37.1649718383797],[139.23514119311164,37.11011361265315],[139.25566544710273,36.98874858627829],[139.23057732798134,36.936935559428605],[139.3932891962395,36.910795505108524],[139.4611652533738,36.9707205858864],[139.5352870301724,36.98060410819306],[139.67327442287637,37.057748973136654],[139.82209299579517,37.08513686467461],[139.83177313911915,37.133640945773095],[139.9538867827489,37.155062386819736],[140.14008518818093,37.104662251561706],[140.20308046718992,37.023962387254414],[140.2494635539,37.0255616939171],[140.24303732771057,36.943486251789125],[140.36521182936247,36.884324946339234],[140.3770591436646,36.838058026856515],[140.4641929701295,36.79140174769253],[140.59198513640501,36.87301963994446],[140.57583111541373,36.94266105366472],[140.6155194419688,36.90327030558018],[140.7868675879689,36.856167531906124],[140.81656588820522,36.908287640362346],[140.95104016926848,36.955038504823165],[140.98301603136485,36.99551697302991],[140.97588313859603,37.06189377487789],[141.0287827497242,37.237971747797985],[141.04586073868222,37.47972609008701],[141.01906994841943,37.671762747652735],[141.041004189192,37.66497683761099],[141.01457297036632,37.67503822513402],[140.98725780790153,37.822958531810855],[140.90022138790675,37.904329667180434],[140.85625141427147,37.89090005419422],[140.85218596600964,37.79548166674556],[140.7751404149982,37.80636558590311],[140.79790914389196,37.77480674843275],[140.72696983129276,37.781479171226806],[140.68535108928143,37.81567544056918],[140.68997302183755,37.8882980268325],[140.56637924790402,37.92279089168636],[140.48834907864716,37.8996046669219],[140.47468092138752,37.94648194638478],[140.4748798307396,37.946782224619994]]]]}},{"type":"Feature","properties":{"code":"08","name":"茨城県"},"geometry":{"type":"MultiPolygon","coordinates":[[[[140.71650738031144,36.69264594555398],[140.7679439689391,36.8176640540529],[140.80546622618544,36.830620468060204],[140.798430246159,36.85939544064712],[140.6155194419688,36.90327030558018],[140.5861130220984,36.94528427894636],[140.56495802859024,36.91285661274253],[140.59198513640501,36.87301963994446],[140.4641929701295,36.79140174769253],[140.37720608299435,36.837924694269304],[140.36521182936247,36.884324946339234],[140.3030003373957,36.92688458605488],[140.25668564232865,36.932097053935934],[140.25488933917177,36.76002286456361],[140.29225961099235,36.712564107747426],[140.22042033692912,36.68714650490733],[140.26019403432724,36.51748122517847],[140.22945814487753,36.502081333386855],[140.2032610888283,36.42074317076077],[140.1806963288725,36.3974435046141],[140.13183306124688,36.41492053175716],[140.04816566801128,36.37558297317571],[139.97354021960552,36.37853727937198],[139.91433155585673,36.336711586270724],[139.9103530612448,36.30092050507727],[139.84802961087792,36.31074946821343],[139.82180669302454,36.239769505358424],[139.69110635487448,36.20593577521589],[139.72830542185784,36.090139440882524],[139.76824717286877,36.08057580203172],[139.78677566756312,36.1040998921963],[139.93796710799575,35.941010279001205],[140.15073022042338,35.84337730561822],[140.31940691319858,35.86464430608993],[140.45843817058517,35.92654022505138],[140.5026759398428,35.905489441384645],[140.48717639417532,35.92859200042051],[140.51124464342558,35.95873541380837],[140.63068616113753,35.85912419812331],[140.7065757460739,35.836255414256016],[140.7443676389554,35.7832394677273],[140.8499022177133,35.741439080649116],[140.74312841814208,35.865226892307305],[140.7126258371128,35.954655107846975],[140.67720741878736,35.911827468363015],[140.6910257196613,35.882917252129516],[140.65236697835348,35.92661505404158],[140.69390953339837,35.92881491897339],[140.7009491179075,35.96244113505037],[140.63144243791828,36.04229630572996],[140.5632203891097,36.22114555032692],[140.5605371080012,36.291673117320556],[140.62731566758407,36.3771565592279],[140.61137172462543,36.48448158565668],[140.7164890269471,36.69247058584892],[140.71650738031144,36.69264594555398]]]]}},{"type":"Feature","properties":{"code":"09","name":"栃木県"},"geometry":{"type":"MultiPolygon","coordinates":[[[[139.53646313926254,36.28172555878757],[139.63249150537877,36.27116517073608],[139.66442547255758,36.20706080191451],[139.72748671863724,36.20158072097354],[139.8220172503959,36.239948386808635],[139.8489782229667,36.31148391934744],[139.91075444935836,36.30120133277535],[139.91433155585673,36.336711586270724],[139.97354021960552,36.37853727937198],[140.19262199660795,36.40469846776011],[140.22945814487753,36.502081333386855],[140.26019403432724,36.51748122517847],[140.22042033692912,36.68714650490733],[140.29225961099235,36.712564107747426],[140.25488933917177,36.76002286456361],[140.2494635539,37.0255616939171],[140.20308046718992,37.023962387254414],[140.19306214010578,37.065503505182676],[140.1004368086119,37.12342900004836],[139.8946441893779,37.1532587209133],[139.81903581075414,37.121778468001935],[139.82209299579517,37.08513686467461],[139.7749109990434,37.09189427879801],[139.4611652533738,36.9707205858864],[139.35614655002337,36.87781353186904],[139.34854024603555,36.852709919227436],[139.40669955923738,36.82694010769984],[139.3530568607856,36.773608919116384],[139.37246503183576,36.74626522476035],[139.3295589112148,36.62766750495143],[139.4652419710402,36.60658150473273],[139.48353002569024,36.58202427879746],[139.43904644563702,36.55068533276193],[139.41792814536768,36.49463922492032],[139.43647472093164,36.465975306015594],[139.36097771704806,36.38368027912162],[139.46271566839346,36.272102892034866],[139.53593702957028,36.28118194559039],[139.53646313926254,36.28172555878757]]]]}},{"type":"Feature","properties":{"code":"10","name":"群馬県"},"geometry":{"type":"MultiPolygon","coordinates":[[[[139.12966389127564,36.28339755855052],[139.2440667827559,36.244433919190044],[139.3592893900933,36.253229108036976],[139.4636541370288,36.189341946173954],[139.58777167342407,36.21036927911899],[139.62488861162024,36.18657174828763],[139.66994994763206,36.213246080842],[139.63249150537877,36.27116517073608],[139.46271566839346,36.272102892034866],[139.36736997404512,36.368803468105625],[139.40823769131646,36.457968667020396],[139.43647472093164,36.465975306015594],[139.41792814536768,36.49463922492032],[139.43904644563702,36.55068533276193],[139.48352946811053,36.581882053713855],[139.4652419710402,36.60658150473273],[139.3295589112148,36.62766750495143],[139.37246503183576,36.74626522476035],[139.3530568607856,36.773608919116384],[139.40669955923738,36.82694010769984],[139.34854024603555,36.852709919227436],[139.39551197140042,36.90707133337537],[139.24084736721227,36.92932113456277],[139.097016199638,37.058626332839026],[139.04738917017414,36.98729286537349],[138.9665228917181,36.97902205412453],[138.97916849463036,36.891176252382195],[138.92314919557896,36.883599251904],[138.92906724995373,36.832643775389954],[138.82174425419407,36.817626135038154],[138.81777033713138,36.76158574778407],[138.72702744496064,36.76416883812141],[138.71240141439387,36.738757386644124],[138.51433564157662,36.69078525183795],[138.5294439947446,36.65528835957019],[138.4730971733959,36.64404827920475],[138.4286721401072,36.59772697322131],[138.39702616102852,36.489528278807086],[138.40123216613165,36.43421086463974],[138.4596500002474,36.404750441379804],[138.6478358372542,36.40928205412354],[138.65353069968216,36.30311489223851],[138.6003355245649,36.278399945900844],[138.6363427497182,36.17206677456204],[138.57727486404383,36.16807319831952],[138.64482674435885,36.121056198384906],[138.63149457831219,36.02816658581935],[138.69080344991937,35.99080189159406],[138.94506858584657,36.094596170676766],[138.95845228304654,36.124090359882246],[139.04186007798023,36.127937027371956],[139.12943916958204,36.283343666676956],[139.12966389127564,36.28339755855052]],[[139.26308377389716,36.243938080677935],[139.2627843320314,36.24397613459098],[139.26246238732938,36.244066973312215],[139.26214795106716,36.24412753186016],[139.26172350163836,36.24427891923676],[139.2619962777061,36.244801413654386],[139.26223489032805,36.24537335999264],[139.26289044124098,36.24510058572349],[139.2627198830163,36.24472586520659],[139.26316321730872,36.24458558625588],[139.26326182887033,36.244809198185976],[139.26367128390268,36.24474474827156],[139.26370155598204,36.24454780213944],[139.26364072583885,36.244078359628645],[139.26358405955682,36.24388141439579],[139.26308377389716,36.243938080677935]]]]}},{"type":"Feature","properties":{"code":"11","name":"埼玉県"},"geometry":{"type":"MultiPolygon","coordinates":[[[[139.38291883313775,36.237869108372706],[139.2440667827559,36.244433919190044],[139.12943916958204,36.283343666676956],[139.04186007798023,36.127937027371956],[138.9624378598195,36.125515639635125],[138.82839472093963,36.037302532286105],[138.75441119332197,36.03452597259559],[138.7125500516437,35.98533300001799],[138.72901128374383,35.909220613440596],[138.89222267233856,35.83977858571319],[139.02383822265597,35.89734677543339],[139.19244150467182,35.84027153200566],[139.30116855978122,35.83495989228527],[139.39215204937761,35.76328525171306],[139.5416952267534,35.807306802367066],[139.51637491616953,35.76557327898371],[139.5476625289026,35.774228251832426],[139.54715824935374,35.75338410809019],[139.6229921140948,35.766871864944676],[139.65336230862374,35.80022591919089],[139.7380490789019,35.780220693630156],[139.76810050603365,35.81770594557298],[139.89377805411402,35.78274638743591],[139.89035167309135,35.891686224839475],[139.77621722384583,36.09076741408495],[139.72983038876146,36.08779472124945],[139.68644021974046,36.20349966737581],[139.4636541370288,36.189341946173954],[139.38417160763368,36.23665244075761],[139.38291883313775,36.237869108372706]]]]}},{"type":"Feature","properties":{"code":"12","name":"千葉県"},"geometry":{"type":"MultiPolygon","coordinates":[[[[140.11548909174826,35.55060135966505],[140.0663490532662,35.55339025175874],[140.009763165138,35.48624266706548],[140.0235560053054,35.46810532440128],[140.0025399480602,35.482552414162626],[139.99336833987707,35.45323946802711],[139.98202619994925,35.47479186475283],[139.97446055790851,35.44847219783372],[139.90102678315952,35.42964710762794],[139.9185925805832,35.38749461258635],[139.89789972799008,35.35837280206323],[139.84589844425784,35.375473891906665],[139.8591648123063,35.348053837914335],[139.83746666695322,35.35906508128852],[139.8197715560126,35.31648705403438],[139.7839052923954,35.312837485561545],[139.85075496766774,35.28737517112728],[139.87069105065154,35.230665612727876],[139.8156576909497,35.17235894560889],[139.8424816338204,35.08627669371447],[139.8103676385557,35.03753386509584],[139.8509190139015,35.02429847689325],[139.85654097278768,34.99226839557008],[139.7529251623664,34.974139829389685],[139.83687211435665,34.90297994636751],[139.94190472122602,34.917472225263054],[139.9844468349536,35.01476213516446],[140.10228683456978,35.07653246829881],[140.12186739306583,35.116032225007245],[140.31137518761489,35.13446977486029],[140.38425053193657,35.18737717141937],[140.415041634364,35.30558681128235],[140.39191994764758,35.354406585895276],[140.405644449232,35.44904297325468],[140.5266653572205,35.60320797256992],[140.66315236059302,35.69121480242126],[140.82791267223206,35.713695559402595],[140.8653435799423,35.69225491872959],[140.881634720566,35.73087940486067],[140.7443676389554,35.7832394677273],[140.7065757460739,35.836255414256016],[140.63068616113753,35.85912419812331],[140.51124464342558,35.95873541380837],[140.48717639417532,35.92859200042051],[140.5026759398428,35.905489441384645],[140.45843817058517,35.92654022505138],[140.31940691319858,35.86464430608993],[140.15073022042338,35.84337730561822],[139.93796710799575,35.941010279001205],[139.78677566756312,36.1040998921963],[139.8256583400604,35.972762054325415],[139.90033869027843,35.86417486537778],[139.87938985735605,35.768013081238735],[139.91890836582843,35.69827417111617],[139.87258141390123,35.62553188328985],[139.90602518811204,35.62119608083452],[139.93951408580642,35.64051002721601],[139.93158153026343,35.6745425587921],[139.98683494237878,35.69029702718609],[139.98746119337943,35.65446753235079],[140.11766936405002,35.59655650487883],[140.1268948641067,35.56767330607829],[140.09102518756242,35.56447880175534],[140.11534286558083,35.550861612673316],[140.11548909174826,35.55060135966505]]]]}},{"type":"Feature","properties":{"code":"13","name":"東京都"},"geometry":{"type":"MultiPolygon","coordinates":[[[[139.78959242515032,35.65625935958184],[139.79861858597906,35.62176233266558],[139.80736824934525,35.64549689206797],[139.87146061041892,35.63864172073886],[139.918735032296,35.69770944093801],[139.8743133849548,35.79685917131377],[139.7671649422084,35.817653441353286],[139.7380490789019,35.780220693630156],[139.65336230862374,35.80022591919089],[139.6229921140948,35.766871864944676],[139.54715824935374,35.75338410809019],[139.5476625289026,35.774228251832426],[139.51637491616953,35.76557327898371],[139.5416952267534,35.807306802367066],[139.39215204937761,35.76328525171306],[139.30116855978122,35.83495989228527],[139.19244150467182,35.84027153200566],[139.02383822265597,35.89734677543339],[138.942867587769,35.86016213537431],[139.02691613527145,35.71809633337915],[139.21146121896015,35.64911666690068],[139.25222367058598,35.601667333180956],[139.39979674362485,35.58442589244106],[139.46841641958213,35.502066359874675],[139.4733440856611,35.57686908084344],[139.50759136185195,35.57514077542652],[139.4492805839319,35.61177605382187],[139.4997015052204,35.605438251674],[139.52538875538687,35.64264761319686],[139.66441394324897,35.589568000063196],[139.70222652413486,35.537027413584326],[139.8076773022658,35.537802586020575],[139.7854365239765,35.57056055882276],[139.74978422795982,35.566625801839336],[139.7530403628225,35.63542161271732],[139.7885260828125,35.656176026602395],[139.78959242515032,35.65625935958184]],[[139.38109534437467,35.590560179808506],[139.38114635482043,35.590531090337606],[139.38093075225243,35.59029208111468],[139.38085278912502,35.59032117058558],[139.38081717327395,35.59050278417618],[139.38109534437467,35.590560179808506]]],[[[139.36109136167704,34.799072946259514],[139.3580704148178,34.701253775441444],[139.44281489009518,34.68121399972637],[139.435624422729,34.77015466670457],[139.36152555076364,34.79901763975232],[139.36109136167704,34.799072946259514]]],[[[139.76001391730847,33.15897735142369],[139.73861203561705,33.14589026142647],[139.75371544701034,33.104944449726645],[139.83254561628723,33.0452451617349],[139.8585960963328,33.07936328808535],[139.84659426681208,33.11706222524157],[139.76027798973746,33.15894751371684],[139.76001391730847,33.15897735142369]]]]}},{"type":"Feature","properties":{"code":"14","name":"神奈川県"},"geometry":{"type":"MultiPolygon","coordinates":[[[[139.71145665390156,35.49080085567499],[139.75172710801974,35.53328322474107],[139.7996097917586,35.513205180174964],[139.75685358002875,35.54450174835705],[139.70222652413486,35.537027413584326],[139.66441394324897,35.589568000063196],[139.52538875538687,35.64264761319686],[139.4997015052204,35.605438251674],[139.4492805839319,35.61177605382187],[139.50759136185195,35.57514077542652],[139.4733440856611,35.57686908084344],[139.46841641958213,35.502066359874675],[139.39979674362485,35.58442589244106],[139.25222367058598,35.601667333180956],[139.21146121896015,35.64911666690068],[139.13351527930672,35.672896532349114],[139.11012596604053,35.53228883805946],[138.9373696633793,35.448867504731595],[138.91580070024213,35.40400499983093],[139.00179705608934,35.39893519770129],[139.01897516207418,35.329060170690354],[138.97439525293862,35.24814394568659],[139.02980377382517,35.14981808063999],[139.1602740599999,35.14036335958144],[139.136004227713,35.18137122540179],[139.1477730869584,35.240778080843825],[139.25453756235868,35.29425394606284],[139.43913474737076,35.31915786514344],[139.57123856031137,35.2930969997268],[139.5761148643096,35.25356483774709],[139.62744564230263,35.215715306416314],[139.5988917509536,35.195732170903],[139.63010674433087,35.163632919123984],[139.60486461720836,35.14467161310449],[139.67779749655733,35.13931183807091],[139.656528495094,35.18503441410695],[139.72505900057251,35.21134150490656],[139.71668038938856,35.24611972104833],[139.7469369779592,35.2535054141436],[139.69099486412176,35.266484224867156],[139.67383933921417,35.3006186397385],[139.6335233847965,35.29564235990705],[139.66187321727523,35.328268081107126],[139.62214163422914,35.33167755937194],[139.65695333302995,35.34193486510202],[139.65827302158277,35.37854394624617],[139.62198359276863,35.39534733261337],[139.66911014271898,35.402587170961226],[139.69061389061858,35.43922397280812],[139.6434541889597,35.44908250475385],[139.640374111676,35.47427486519291],[139.71104141442981,35.49062083838106],[139.71145665390156,35.49080085567499]],[[139.51831031117194,35.62957069363267],[139.51834641985147,35.62944791908626],[139.51830557714072,35.62925461340973],[139.51808919575979,35.629230170735866],[139.5178205835532,35.62942350519069],[139.51759114131823,35.629532108220246],[139.51747447496712,35.62952822494765],[139.51722725043737,35.629377108266965],[139.51708197125606,35.62940794601997],[139.51705085561252,35.629478505029056],[139.51708530504288,35.62967127920621],[139.51722308657622,35.62983461317691],[139.51740308678313,35.62988402732606],[139.51786946800166,35.62983013455312],[139.51817503155257,35.629746801573674],[139.51831031117194,35.62957069363267]]]]}},{"type":"Feature","properties":{"code":"15","name":"新潟県"},"geometry":{"type":"MultiPolygon","coordinates":[[[[139.13204273658312,37.96214423426903],[139.06875431905667,37.95886872081485],[138.83087019480377,37.810797837949906],[138.74837002625577,37.60597144132902],[138.61738693855648,37.484130748235486],[138.5437870563277,37.36848027944137],[138.43646267201473,37.32472127866413],[138.23145625180462,37.17405577525386],[138.09612724967292,37.172859694019735],[137.9121944487149,37.06078291879669],[137.6349847466488,36.97979794601844],[137.71129841768789,36.944087613152874],[137.7498281710333,36.77947825181991],[137.83097510991342,36.80801300019988],[137.87645713438928,36.866206802402075],[137.8683480293381,36.915931892143135],[138.01373795134543,36.904020720579865],[138.03249600518654,36.88096764044428],[138.00346147926393,36.82641361309783],[138.05222444909907,36.79995972056469],[138.1123940600379,36.849494000247944],[138.2137882752088,36.87114986487444],[138.27490163380344,36.84085433296116],[138.29649513584195,36.911041467889504],[138.34320444892626,36.92079674777176],[138.3946815556094,36.997175413714444],[138.51408749704046,37.02968622493938],[138.56956763903543,37.016138171239675],[138.58876416273597,36.91397205356748],[138.693077081742,36.85502744066389],[138.66899204934361,36.77881608099739],[138.70312693905703,36.73655877536726],[138.72702744496064,36.76416883812141],[138.78941953338483,36.74487380178459],[138.82110924829328,36.76385935982165],[138.82174425419407,36.817626135038154],[138.92906724995373,36.832643775389954],[138.92314919557896,36.883599251904],[138.97953128384177,36.891779306269996],[138.9665228917181,36.97902205412453],[139.04738917017414,36.98729286537349],[139.097016199638,37.058626332839026],[139.18272953344126,36.96171691890072],[139.24162019511596,36.9415491984368],[139.25384569412358,37.1649718383797],[139.16482466912328,37.23652002707763],[139.23362182898427,37.34360650473644],[139.23150150459082,37.387877504843004],[139.1974007783233,37.41109441357639],[139.22358610901176,37.449171027321086],[139.39751269765293,37.45983917124079],[139.42942394256102,37.51470858633223],[139.5851057717141,37.51289705405583],[139.5492926067684,37.64903780225285],[139.62727756171012,37.68836472095518],[139.65788766478397,37.7550074676206],[139.74153538265182,37.81783777499339],[139.71464955922988,37.85292161314197],[139.6572237996387,37.86345194585067],[139.62482824912445,37.91793102729514],[139.65467433225467,38.0351653865734],[139.69272552486314,38.0570286402596],[139.67133313911313,38.07687417140596],[139.6822661090937,38.1717872522799],[139.6991899218774,38.203172972954405],[139.78636569362197,38.19224399956096],[139.85794557712677,38.22966622521619],[139.89888800287906,38.293152305634464],[139.8489355771153,38.34284674827887],[139.70980505795717,38.38676522493523],[139.72176447455092,38.49622633277909],[139.5492145267291,38.55357069383251],[139.45580221829778,38.39366941381246],[139.44981319122587,38.23613530589972],[139.41206005192987,38.153162693803324],[139.31469250265695,38.05003529709131],[139.23623914392147,38.012846612781004],[139.2435384436443,37.97071522482781],[139.2148345525726,37.99375086531023],[139.2313384566046,38.019862233954996],[139.1342817508022,37.96259517143005],[139.13204273658312,37.96214423426903]]],[[[138.50296090841925,38.33222329706757],[138.45820474655193,38.32183177471666],[138.4329579510487,38.25795294597174],[138.32446680879627,38.198676467944665],[138.24186282700794,38.08667172122301],[138.22718258081147,37.97971891879314],[138.25487661506384,37.964687945991955],[138.29803630403228,38.00716583823288],[138.3436910253206,37.96545405416134],[138.2846252269727,37.91945897275343],[138.26920941628157,37.847838413811814],[138.20539708161004,37.828490134911874],[138.21618211401346,37.80981763987222],[138.3597084950511,37.8305255857872],[138.50008941629358,37.92029917067026],[138.57460128392222,38.06295446837407],[138.56317744508306,38.08806622527612],[138.4812419068886,38.062321937407546],[138.4341622179121,38.088431332939706],[138.50650007791637,38.249949252256215],[138.5220290529985,38.32388113540611],[138.5034661088739,38.33173468460808],[138.50296090841925,38.33222329706757]]]]}},{"type":"Feature","properties":{"code":"16","name":"富山県"},"geometry":{"type":"MultiPolygon","coordinates":[[[[137.7036571075895,36.52668402724612],[137.68773775569298,36.56207450543411],[137.75103632926323,36.58849866727974],[137.76186386542508,36.66600700042278],[137.76338674410306,36.768233468000176],[137.7111550837402,36.94423483756776],[137.6349847466488,36.97979794601844],[137.49077267212124,36.95425019778844],[137.42581000023142,36.92502109904456],[137.39301871564123,36.80746191903239],[137.33350171213442,36.76244915270627],[137.1837854863112,36.7573525858532],[137.11854114136065,36.784100305784534],[137.13063289229422,36.75680677471291],[136.99098931260676,36.85396136902199],[137.05169666686777,36.9591743241358],[136.9869482233819,36.96729680210581],[136.8791035282053,36.90649825209272],[136.8491647726362,36.75923425175938],[136.7892153571031,36.71902644081763],[136.82257038891237,36.68099655944371],[136.78314875541082,36.61683183801898],[136.81721902703657,36.55213869384568],[136.7967251359563,36.44468808069041],[136.7683556164186,36.42350972099689],[136.80819002614885,36.358688586209325],[136.78465861190546,36.34378713466856],[136.79228708238304,36.299211026967384],[136.83236763925527,36.30681141431535],[136.87122092100878,36.36754900018627],[136.87475691320105,36.3427928918785],[136.90747422765355,36.36084155869105],[136.9548968865821,36.33935044087019],[136.9753057719439,36.2743640268784],[137.15969661470706,36.45644419834116],[137.2056298308521,36.427604170596055],[137.24761197091584,36.461963864740596],[137.30851836582997,36.463775387124485],[137.31862066081487,36.42444091861353],[137.3899359403914,36.459921640171615],[137.40972386456474,36.4246808019775],[137.50423866358358,36.42570997263721],[137.5922046947909,36.38959636038379],[137.70357795106167,36.52652402706224],[137.7036571075895,36.52668402724612]]]]}},{"type":"Feature","properties":{"code":"17","name":"石川県"},"geometry":{"type":"MultiPolygon","coordinates":[[[[136.78613386518577,36.62961038680993],[136.82383280234205,36.66986797342827],[136.7892153571031,36.71902644081763],[136.8491647726362,36.75923425175938],[136.8791035282053,36.90649825209272],[136.93103527905498,36.950628666579746],[137.0566186123591,36.967745107850476],[137.05765338489584,37.10886858581665],[136.98581133642415,37.04797555932464],[136.91555024574734,37.091670468117684],[136.85923021969893,37.07614808056951],[136.90068518797113,37.13607738726165],[136.87321933870157,37.145729441160825],[136.9301258881992,37.2062037208251],[136.9063381446897,37.21819717136242],[136.96214172516056,37.236477332662844],[136.94602780763728,37.216317081068496],[137.01091313873042,37.18325538742624],[137.15113883339052,37.30666733283118],[137.23404158165374,37.29470464000718],[137.2676725812247,37.336600134888386],[137.2376569264261,37.378908540896475],[137.25335258095686,37.42808222481489],[137.36050571996304,37.450702919004584],[137.3281166670506,37.52913630559607],[137.14445966298308,37.498999387112065],[137.02934481241323,37.4327438021848],[136.92496603065786,37.395092440963424],[136.84316530533465,37.40066166720226],[136.73720360616153,37.347730972806175],[136.7338791048369,37.279499613316545],[136.66946163434704,37.14721825172097],[136.7273670302643,37.13525758596887],[136.71909130961626,37.058940802376185],[136.77011953318993,36.99625864032407],[136.74392469486884,36.82774919806707],[136.52608080408595,36.53402422543769],[136.2429531393759,36.29677158623974],[136.33228391696923,36.229780107665874],[136.3580443836414,36.165100251875174],[136.40930616115043,36.17222680172557],[136.45663978000186,36.136265864677966],[136.55979713403053,36.15315699969585],[136.66229053208247,36.067629053937765],[136.75376360630548,36.08586274816736],[136.7664492740148,36.16255580180888],[136.8518233331804,36.247102080896354],[136.78365075158104,36.32959155920315],[136.80819002614885,36.358688586209325],[136.76865175057787,36.42876694633753],[136.7967251359563,36.44468808069041],[136.8172340340235,36.5523859192748],[136.78592581062776,36.629556504828884],[136.78613386518577,36.62961038680993]]],[[[137.03774929979045,37.1681043056692],[137.00469766506524,37.13519713533958],[136.96748391664948,37.15529208086491],[136.9770252532129,37.13999938736191],[136.90195360617406,37.14066238735933],[136.94542894908682,37.09112855913577],[136.97558438371243,37.09687217111383],[137.04877114077556,37.12133172078234],[137.03939763928963,37.167771586189815],[137.03774929979045,37.1681043056692]]]]}},{"type":"Feature","properties":{"code":"18","name":"福井県"},"geometry":{"type":"MultiPolygon","coordinates":[[[[135.96437291817574,35.99751420741478],[135.9936542279603,35.88759207201656],[136.10024675658258,35.778263955017565],[136.07256230910332,35.660963802237745],[136.02554289179113,35.680328973103656],[136.04434652417285,35.705456198344905],[136.0174968606916,35.764073892396254],[135.95417189381794,35.72175086521031],[135.97828861202993,35.62758097328333],[135.8676168872097,35.60814069373805],[135.81464289225573,35.64224963980911],[135.8556226065981,35.60035355856991],[135.83969289181357,35.563147720590905],[135.80135588836367,35.57132044098563],[135.83373464313934,35.53590335995216],[135.79843858567222,35.52495880220698],[135.7146443844308,35.56986544133707],[135.68863486400778,35.54628655907749],[135.71793817120965,35.51975435987583],[135.76503761289553,35.53399500036903],[135.7176798310594,35.48375189213618],[135.5810124767445,35.49005333289506],[135.6268907775874,35.48869127907932],[135.63095338489086,35.52217874775107],[135.66948933906178,35.52459697257228],[135.66139674376473,35.54756517109581],[135.536140078402,35.48886638697422],[135.5073089746295,35.50570222537743],[135.51819968906443,35.5497943602216],[135.48140416317165,35.52186846815533],[135.48659963656405,35.55793633279558],[135.46660377384512,35.55181522499271],[135.4583464461316,35.46830108073033],[135.52579347628796,35.42041910835519],[135.52758786029153,35.38011330638403],[135.70088369592588,35.34367777460966],[135.76878530459817,35.35601446759364],[135.81365775600068,35.41330086464325],[135.89057007784686,35.403175000226156],[135.93964708194733,35.52054274784956],[136.00434296995218,35.49097110813017],[136.02653247699232,35.52949669401727],[136.10645450057484,35.528988693973076],[136.11383827541613,35.582898440710494],[136.16983007769602,35.565943360297865],[136.13447488980444,35.66944630580241],[136.15135693897162,35.69842986534604],[136.28074211395744,35.65863086462275],[136.3239531389263,35.71674699957441],[136.32794783392546,35.77510186495914],[136.3766584182515,35.79517802724422],[136.48571444896277,35.77645444081986],[136.50593075170286,35.75029333337068],[136.52281496823628,35.78816553211368],[136.78744902655137,35.79854146831417],[136.83236286565375,35.85744344076221],[136.7932441633875,35.94598150464276],[136.72674505823795,35.99593777500837],[136.7551708303696,36.08585244103739],[136.66229053208247,36.067629053937765],[136.55979713403053,36.15315699969585],[136.45663978000186,36.136265864677966],[136.40930616115043,36.17222680172557],[136.3580443836414,36.165100251875174],[136.33228391696923,36.229780107665874],[136.24386028462447,36.29529934209103],[136.1222312190955,36.24910855921269],[136.1288320225798,36.19159941358214],[136.11242910521912,36.205308197715226],[135.9645623351837,35.997665054298864],[135.96437291817574,35.99751420741478]]]]}},{"type":"Feature","properties":{"code":"19","name":"山梨県"},"geometry":{"type":"MultiPolygon","coordinates":[[[[138.62159416314023,35.87044753232783],[138.591017418619,35.919768667290214],[138.45463442274047,35.89982455875645],[138.45056289236368,35.945411467565236],[138.37046041531596,35.97138063990468],[138.28364077779975,35.859315721343535],[138.23866858618635,35.882890107892194],[138.18557530515625,35.79547458588348],[138.23690027173018,35.75798683832198],[138.18008858631924,35.714228801617935],[138.26898577197585,35.51432727868104],[138.2320170816231,35.371224838055866],[138.2816896887282,35.304867919319065],[138.32584394334333,35.32761197261448],[138.3675082486069,35.30967674808352],[138.39449992223365,35.20703022516483],[138.43878564244346,35.17799386462519],[138.4914922437721,35.16838444128899],[138.5331364204095,35.20068805411046],[138.51209319104794,35.31355525157363],[138.55891983058575,35.4341689186607],[138.58201130997406,35.44567499960158],[138.60913603110305,35.393176387180574],[138.66382466897335,35.39810027880486],[138.6805356158261,35.35767833298871],[138.87426247723158,35.379173522939766],[138.9373696633793,35.448867504731595],[139.08578997422796,35.51208630573848],[139.1298401170278,35.566281613305875],[139.131341387695,35.671994586081325],[139.02484836635904,35.719701053960534],[138.94518396886508,35.854452134658345],[138.89222267233856,35.83977858571319],[138.7278523867783,35.909287558973745],[138.67617647236636,35.86980141440381],[138.62202691331152,35.870448359704085],[138.62159416314023,35.87044753232783]]]]}},{"type":"Feature","properties":{"code":"20","name":"長野県"},"geometry":{"type":"MultiPolygon","coordinates":[[[[138.00346147926393,36.82641361309783],[138.03249600518654,36.88096764044428],[138.01373795134543,36.904020720579865],[137.8681355249346,36.91589717111759],[137.87645713438928,36.866206802402075],[137.7521150840439,36.752705135034034],[137.75103632926323,36.58849866727974],[137.68773775569298,36.56207450543411],[137.70546955897305,36.51788769356227],[137.66874555076663,36.509461305894604],[137.63654491571538,36.42841205407308],[137.58666442312472,36.38802358641942],[137.65305683540464,36.304674558584054],[137.57305763919874,36.21865480237727],[137.59506364497133,36.17204817118619],[137.55472144024236,36.14019897320412],[137.55488447473874,36.10553205356149],[137.61395005185352,36.07638717093124],[137.59477594015755,36.012915279116896],[137.4765203890048,35.89416869363038],[137.38081616103705,35.89242222460604],[137.32721535660346,35.82574146809435],[137.3367234110566,35.79860064010751],[137.464752140399,35.75637161275978],[137.54544749730417,35.651082279123955],[137.51380878115037,35.60802283758392],[137.57130352773572,35.58416091889137],[137.5739468348786,35.54472453201157],[137.63158749736522,35.50991394567211],[137.6317502197969,35.470043973150894],[137.593011193312,35.44702980218369],[137.6348219972374,35.400861225365304],[137.5752277824363,35.40000872112563],[137.6039146169661,35.33323427863911],[137.55660705597097,35.30939927935333],[137.57080703002043,35.28291455895976],[137.54603085603924,35.25323983804816],[137.57880632874912,35.19841377477593],[137.6815371343314,35.235234891776884],[137.77909518789272,35.20275158631671],[137.87233780774375,35.21881463998369],[137.89542593985527,35.25798850486564],[138.14129866360247,35.36962844070001],[138.1531300257302,35.397235891823016],[138.11978513557563,35.45339389241428],[138.15691306078918,35.459980838245144],[138.1646536452496,35.49357225235764],[138.13955749698096,35.50111530612651],[138.15942450123976,35.544932332960855],[138.14143197100873,35.55510041425276],[138.18949063588423,35.57678094638362],[138.218670661322,35.64454930610566],[138.180145525096,35.71453769355975],[138.23690027173018,35.75798683832198],[138.18557530515625,35.79547458588348],[138.23866858618635,35.882890107892194],[138.28364077779975,35.859315721343535],[138.37046041531596,35.97138063990468],[138.45056289236368,35.945411467565236],[138.45463442274047,35.89982455875645],[138.591017418619,35.919768667290214],[138.62159416314023,35.87044753232783],[138.67617647236636,35.86980141440381],[138.7385070039951,35.929019198177514],[138.71279172465847,35.98516050465361],[138.63185236099775,36.02721297260064],[138.64537702962627,36.12019674778173],[138.57727486404383,36.16807319831952],[138.6363427497182,36.17206677456204],[138.6003355245649,36.278399945900844],[138.65353069968216,36.30311489223851],[138.6478358372542,36.40928205412354],[138.48895741914964,36.40093350457761],[138.40068744496966,36.435508640311525],[138.40392739293486,36.52128517127369],[138.45859763877013,36.63437883781319],[138.52884705624672,36.65461669370552],[138.52103116705473,36.69401555907086],[138.69593163423758,36.73851266672625],[138.66899204934361,36.77881608099739],[138.6932026333949,36.85481689228578],[138.58876416273597,36.91397205356748],[138.56588885878386,37.02126055942733],[138.3946815556094,36.997175413714444],[138.34320444892626,36.92079674777176],[138.29649513584195,36.911041467889504],[138.27490163380344,36.84085433296116],[138.2137882752088,36.87114986487444],[138.1123940600379,36.849494000247944],[138.05437944235746,36.80013027878937],[138.00516119343445,36.82572972094994],[138.00346147926393,36.82641361309783]]]]}},{"type":"Feature","properties":{"code":"21","name":"岐阜県"},"geometry":{"type":"MultiPolygon","coordinates":[[[[136.52766795101525,35.25753264031914],[136.61555211423877,35.14992850479672],[136.64521824932285,35.14457241428556],[136.64638155566433,35.16581322470063],[136.67277771711804,35.13477713525663],[136.6781168608045,35.24221291859135],[136.7681153832184,35.366901838349236],[136.8342501172492,35.35599991926091],[136.9884800781931,35.424776026892175],[136.97826472133988,35.40317605423155],[137.04695255511638,35.366131279435024],[137.08131066105818,35.29219083833658],[137.16522678338936,35.283414748391976],[137.18650063579582,35.25307002716005],[137.30808105070003,35.291155694379825],[137.4295979770651,35.222863720584314],[137.56190230914433,35.2832962249409],[137.55698761308793,35.30987455936349],[137.6039146169661,35.33323427863911],[137.5752277824363,35.40000872112563],[137.634975330747,35.401346774733895],[137.593011193312,35.44702980218369],[137.6317502197969,35.470043973150894],[137.63158749736522,35.50991394567211],[137.5739468348786,35.54472453201157],[137.57130352773572,35.58416091889137],[137.51380878115037,35.60802283758392],[137.54544749730417,35.651082279123955],[137.45969603134688,35.76135355921946],[137.32455175086272,35.81202091903026],[137.38081616103705,35.89242222460604],[137.4765203890048,35.89416869363038],[137.59477594015755,36.012915279116896],[137.61395005185352,36.07638717093124],[137.550200336976,36.11289286511368],[137.59506364497133,36.17204817118619],[137.57305763919874,36.21865480237727],[137.64782061013307,36.289051748239615],[137.6454224123146,36.341715441114786],[137.51083533108567,36.424188891704034],[137.4453090010096,36.41296444065648],[137.3899359403914,36.459921640171615],[137.31380510961822,36.42495286488287],[137.3170116990308,36.46080317092964],[137.2790283656666,36.46506463992125],[137.2056298308521,36.427604170596055],[137.15969661470706,36.45644419834116],[136.9753057719439,36.2743640268784],[136.9467627498011,36.34580405411384],[136.87475691320105,36.3427928918785],[136.87122092100878,36.36754900018627],[136.83715192012505,36.3472155859306],[136.83236763925527,36.30681141431535],[136.79230014323707,36.29850325242319],[136.8518233331804,36.247102080896354],[136.7664492740148,36.16255580180888],[136.76496988295378,36.069392414028755],[136.732792580813,36.04888194574528],[136.72674505823795,35.99593777500837],[136.82376858625128,35.89276638705917],[136.83113033669576,35.851934279343595],[136.7894326719803,35.79961480198159],[136.52281496823628,35.78816553211368],[136.50593075170286,35.75029333337068],[136.48571444896277,35.77645444081986],[136.3766584182515,35.79517802724422],[136.32794783392546,35.77510186495914],[136.3239531389263,35.71674699957441],[136.27633316514357,35.653753108219405],[136.2887008037991,35.62046538706801],[136.32371147940137,35.61644422502104],[136.3175033846735,35.54739736030001],[136.3728005838799,35.559723333365184],[136.40040450066726,35.53008183790655],[136.38671871579618,35.48880972069213],[136.44435182937355,35.38942510808232],[136.41197399460418,35.370064864601886],[136.3772902459482,35.24316053243268],[136.44082883328406,35.216732721138214],[136.52687128388266,35.25729153207857],[136.52766795101525,35.25753264031914]]]]}},{"type":"Feature","properties":{"code":"22","name":"静岡県"},"geometry":{"type":"MultiPolygon","coordinates":[[[[138.33563783381908,35.32649558570279],[138.2816896887282,35.304867919319065],[138.2320170816231,35.371224838055866],[138.26898577197585,35.51432727868104],[138.218670661322,35.64454930610566],[138.18949063588423,35.57678094638362],[138.14143197100873,35.55510041425276],[138.15942450123976,35.544932332960855],[138.13955749698096,35.50111530612651],[138.1646536452496,35.49357225235764],[138.15691306078918,35.459980838245144],[138.11978513557563,35.45339389241428],[138.1531300257302,35.397235891823016],[138.14158700423695,35.369991225414765],[137.8277090267502,35.21123769436417],[137.8031997283848,35.18311805415493],[137.82896333279166,35.15191250455848],[137.7171683403467,35.03508389240778],[137.70716333312134,34.97202694598684],[137.65813333298695,34.94299722514188],[137.64125167322618,34.89308333262977],[137.48701389087842,34.81174944088406],[137.48517513612364,34.67355149530533],[137.80020102535707,34.646246657956965],[137.97357066115717,34.665049495337996],[138.2272131388753,34.59513227933127],[138.1958993639645,34.66594330633859],[138.21844274973319,34.71743016167267],[138.30574797708755,34.77747474796132],[138.3558214785785,34.91373535959923],[138.51631797669336,34.9845018647693],[138.5331634108628,35.01453010827794],[138.50405272405408,35.015412891791584],[138.5032495854001,34.98588441413443],[138.49298992164768,35.02996483800695],[138.55675767782463,35.10157252315349],[138.6855961216637,35.144966748116985],[138.81448727566726,35.11359519806001],[138.9073183396697,35.048489721023884],[138.89164856043283,35.017080865289756],[138.7793631388978,35.01704127893191],[138.76204555076163,34.96910582927063],[138.78977736733168,34.90802919808908],[138.7566051101378,34.885413532008954],[138.77588500638797,34.85355889222916],[138.75116221796202,34.82070055868388],[138.77693861162766,34.75992944069117],[138.73911278912396,34.6901284323813],[138.84339025865359,34.60086816163641],[138.94824885929745,34.673809766207796],[138.9873899223071,34.65816031524639],[138.9967541499841,34.742979125786064],[139.04827028544537,34.76816135086568],[139.1487480536798,34.93583805418291],[139.09376749677267,34.97788777470112],[139.10046972759596,35.04486250520051],[139.06942693910207,35.05337794643515],[139.11159666695266,35.14136693733434],[139.02900600502323,35.150161135128315],[138.97607411183083,35.23555283809304],[139.01901099915835,35.32930655885065],[139.00002705630368,35.40154602672783],[138.6805356158261,35.35767833298871],[138.66359938970015,35.39822666682727],[138.60913603110305,35.393176387180574],[138.58188824944318,35.445728332996225],[138.53174005206176,35.4092625318404],[138.53508620006812,35.330564721185],[138.51209319104794,35.31355525157363],[138.53319252911194,35.200861667332106],[138.4914922437721,35.16838444128899],[138.3986971076854,35.20026994580144],[138.37059486396186,35.30476508094381],[138.33570172525447,35.326328640054726],[138.33563783381908,35.32649558570279]]]]}},{"type":"Feature","properties":{"code":"23","name":"愛知県"},"geometry":{"type":"MultiPolygon","coordinates":[[[[136.88396306074674,35.067267774887966],[136.85200569410756,35.01639955869274],[136.86967914397735,35.00818522486827],[136.8201333853475,34.96643655870025],[136.8207450322575,34.88639902709349],[136.86653481193207,34.83916633286003],[136.84028425431495,34.76390372107994],[136.87138481165982,34.730285865100655],[136.97781208805748,34.70175761342318],[136.91450481174775,34.77147038744846],[136.92770313888877,34.86494719795485],[136.9641930607612,34.87652113544209],[136.98103577178347,34.95684991878875],[136.95674352839114,34.83329002681336],[137.02989438361897,34.77496835990195],[137.16830730224024,34.787632108435105],[137.1751375623487,34.76484027865598],[137.2160721136372,34.82318572094431],[137.33103955902845,34.780511945569856],[137.32031422811917,34.7328344412565],[137.35175552509747,34.727463865365166],[137.308342970152,34.72498477532719],[137.3115071079667,34.681968252133174],[137.28615565475968,34.680209081084286],[137.28482700356346,34.730946775073676],[137.2606779897975,34.69583481962127],[137.24548208762826,34.70938349475256],[137.11924983141466,34.63430722519831],[137.06994946809357,34.66192363986414],[137.0151354215625,34.58044472074732],[137.13357917024257,34.58839264030814],[137.48496389077104,34.67410510806434],[137.48701389087842,34.81174944088406],[137.64125167322618,34.89308333262977],[137.65813333298695,34.94299722514188],[137.70716333312134,34.97202694598684],[137.7171683403467,35.03508389240778],[137.80117917028258,35.10595527921282],[137.79284111492552,35.134764441325956],[137.8291294420702,35.15226138665372],[137.80332697795768,35.18376389238978],[137.83811566760403,35.21246658556453],[137.7739496628467,35.2032507478238],[137.6815371343314,35.235234891776884],[137.57880632874912,35.19841377477593],[137.54599669259335,35.25178566667523],[137.5657870296477,35.29015650531852],[137.42981435844592,35.22288122498861],[137.30808105070003,35.291155694379825],[137.18650063579582,35.25307002716005],[137.16522678338936,35.283414748391976],[137.08131066105818,35.29219083833658],[137.04695255511638,35.366131279435024],[136.96865649769927,35.42205097317395],[136.92207418867292,35.379178414352396],[136.7687867828838,35.36736377511818],[136.67792686103587,35.241506531701134],[136.6722027238767,35.13610019806572],[136.7501391702865,35.08024805420439],[136.77062400789168,35.02143788275214],[136.7969297281245,35.01245641373254],[136.7807742799091,35.03354191932419],[136.8300825806466,35.05024983815957],[136.82763177698496,35.08249608142904],[136.8554795593343,35.056587640307384],[136.89143588825573,35.09282863972999],[136.88333333296703,35.069011748293576],[136.88396306074674,35.067267774887966]]]]}},{"type":"Feature","properties":{"code":"24","name":"三重県"},"geometry":{"type":"MultiPolygon","coordinates":[[[[136.57039874160876,34.80453584655214],[136.6668702198848,34.93700086499797],[136.63383883339554,34.9489083331531],[136.65606036259567,34.9982860273783],[136.77270749695344,35.02438999999856],[136.7501391702865,35.08024805420439],[136.65224211368263,35.163117945736644],[136.61584683466378,35.14968655928732],[136.52804878062682,35.257648467602735],[136.4154505056364,35.21962386524922],[136.40865333338468,35.18718277486522],[136.45460778162385,35.16206389173527],[136.44155639381256,35.06630417110068],[136.36603416304627,34.9048988918704],[136.25067500624664,34.85772805390661],[136.11076805380276,34.901824161955574],[136.08562083033712,34.87724638741088],[136.1264105584006,34.86185194641024],[136.08609833976664,34.837635828830514],[136.0906155507671,34.81222666702712],[136.02010861242263,34.79024666695017],[136.08646472087025,34.67534749539067],[136.03955194606556,34.66139582865463],[136.07356527891454,34.63481305427911],[136.04980555108534,34.580205829335625],[136.11427805378923,34.545893333410675],[136.15549861197144,34.55973055871834],[136.16752167268714,34.51998138673167],[136.21520693904904,34.528955278963],[136.22986360592074,34.492871107815404],[136.2062477822094,34.44867749527026],[136.09589805425185,34.435221667046335],[136.06909666727745,34.39410138686958],[136.12950527934527,34.31617444089778],[136.09490360641632,34.301451108182164],[136.13184944229795,34.251896386908754],[136.09265250261092,34.19018305370503],[136.11469221767175,34.160816386567035],[136.10413944238144,34.02586722479265],[136.01937416308726,34.03668166682553],[135.99529221806142,34.00100138660474],[136.01194306142315,33.96680222504273],[135.97716944171646,33.9666113871059],[135.9669608297785,33.92784805374475],[135.89435167309125,33.92059222455157],[135.89771834002943,33.8698524953964],[135.853251115047,33.86229916237647],[135.85688610910677,33.817660828784256],[135.94506416268098,33.73249389157991],[136.01286703028927,33.723921053813626],[136.09777275041222,33.882307945655214],[136.14925880714827,33.89730402655965],[136.15039016867138,33.93137969411765],[136.17981552466676,33.91281469414287],[136.19914883255262,33.92025244089746],[136.18209924778216,33.93962033311192],[136.2316435279265,33.94612410784134],[136.22160369625362,33.97452969379037],[136.19172313941147,33.97108644058682],[136.21133522723903,34.0000635322063],[136.27215072587535,33.97255580240841],[136.2728818027531,34.00481546805946],[136.24203547295872,34.014783306304594],[136.28161477290348,34.02242436009618],[136.20084075229897,34.076000053659584],[136.2682058883911,34.12911655878219],[136.24961394292916,34.09419082864389],[136.2978880538907,34.08682363999901],[136.31567208799652,34.115417613232296],[136.2840097799275,34.11808113533618],[136.27761313873543,34.160737802007986],[136.33613513592786,34.18253619838691],[136.322060752202,34.1962370540968],[136.4527282749899,34.219696775286025],[136.4398977561766,34.24739646807262],[136.46615379965817,34.25708430599599],[136.48112121916904,34.21993497332039],[136.50828814458225,34.22932799998728],[136.48483791214005,34.23970533283489],[136.50075483766568,34.2592814675657],[136.51923513589293,34.240721305943566],[136.50613824868128,34.27914146790448],[136.5268066927747,34.25995222511517],[136.54114693858037,34.27844744129641],[136.54818566783433,34.24987469386207],[136.54924883286742,34.28292110802278],[136.59129152968046,34.29536444081634],[136.571173696409,34.27562791919314],[136.60513577239806,34.25850516198369],[136.66017050626397,34.28898330573503],[136.67706693918797,34.31668330608977],[136.63687888455297,34.30881255915233],[136.6726819968767,34.324210612729644],[136.66201924798997,34.345754919154274],[136.69115243763497,34.34541153191674],[136.68325574615585,34.32371944079961],[136.69184885913762,34.347837278667555],[136.7265993635698,34.34335553243193],[136.6879308043632,34.28396110831852],[136.76549985703286,34.29099619801616],[136.76241097268826,34.31592719838153],[136.79864788559155,34.29003477508485],[136.80741756157124,34.328222386753794],[136.86644680877328,34.28849791914371],[136.82783717314703,34.2852468645512],[136.85935739282945,34.26544174803831],[136.76899625207545,34.27924855917371],[136.76536888516603,34.25979602726488],[136.8476729178709,34.24651722518985],[136.90029963691882,34.27599127857468],[136.87779680877577,34.33541791910176],[136.90935461742174,34.36514461273373],[136.86679744544585,34.34269161332736],[136.86403058404426,34.36460016226772],[136.81239224420676,34.36756338704072],[136.9124552271271,34.37603655923988],[136.9226825287758,34.44709805373225],[136.87579910514467,34.42874141408504],[136.87719352825877,34.47445986493085],[136.83277724987022,34.505969387177515],[136.8161298311269,34.48440966727236],[136.63032405980755,34.597954612715284],[136.5271216335566,34.61050955856933],[136.557657588427,34.671384252381415],[136.5220902198878,34.687739774571014],[136.52883258115878,34.7372466672],[136.57018076483052,34.80412662174626],[136.57039874160876,34.80453584655214]]]]}},{"type":"Feature","properties":{"code":"25","name":"滋賀県"},"geometry":{"type":"MultiPolygon","coordinates":[[[[135.94323500639052,34.87817749509537],[135.9463505583317,34.85163082939931],[136.02785778181124,34.82166472095014],[136.02810972778173,34.79058916206026],[136.0904999995754,34.812085828698116],[136.08609833976664,34.837635828830514],[136.1264105584006,34.86185194641024],[136.08562083033712,34.87724638741088],[136.10612027203297,34.900016108256864],[136.25376666679824,34.85815389188866],[136.36603416304627,34.9048988918704],[136.41580083024417,34.980529161791424],[136.45460778162385,35.16206389173527],[136.37726664144236,35.2432674681192],[136.41197399460418,35.370064864601886],[136.4443512843843,35.3891845592201],[136.41180807957926,35.418598054056986],[136.42622269841888,35.448945973278114],[136.38688011712372,35.488406387344924],[136.4056778076847,35.51345541383631],[136.37356418923605,35.55939417070448],[136.3175033846735,35.54739736030001],[136.32171063623696,35.618678945876695],[136.19109224431168,35.70246394615424],[136.13449377376867,35.669822973351586],[136.16952620037387,35.56567669422412],[136.11383827541613,35.582898440710494],[136.10645450057484,35.528988693973076],[136.02653247699232,35.52949669401727],[136.00434296995218,35.49097110813017],[135.93964708194733,35.52054274784956],[135.89057007784686,35.403175000226156],[135.81365775600068,35.41330086464325],[135.76376024643832,35.34562030573255],[135.82962333305045,35.27673527940965],[135.85843055802388,35.289228892399535],[135.8293244487644,35.220480559430314],[135.85676306116636,35.153615000332024],[135.8202394416969,35.012961946037024],[135.8787477817848,34.9470452787167],[135.8666372242286,34.892140279250555],[135.9432469385954,34.87825222516011],[135.94323500639052,34.87817749509537]]]]}},{"type":"Feature","properties":{"code":"26","name":"京都府"},"geometry":{"type":"MultiPolygon","coordinates":[[[[135.86075527943262,35.28295999990411],[135.82962333305045,35.27673527940965],[135.76878530459817,35.35601446759364],[135.70088369592588,35.34367777460966],[135.52758786029153,35.38011330638403],[135.52579347628796,35.42041910835519],[135.4583464461316,35.46830108073033],[135.47622455292083,35.50549274809191],[135.4494420490114,35.52604746841598],[135.48659963656405,35.55793633279558],[135.4511747206369,35.56874272139953],[135.46273221761783,35.60372305387591],[135.42674988300075,35.56650089230237],[135.34038302175907,35.54994355864835],[135.34357208788163,35.50410113535918],[135.3950962264098,35.51687138700498],[135.39822072570598,35.478885441110265],[135.34739461666834,35.49442672071666],[135.31671282683556,35.4511549186646],[135.3318211152523,35.51599863992533],[135.24181658896453,35.53806680234112],[135.24246583742854,35.56021066698872],[135.2748301688772,35.56016172138641],[135.256152360643,35.59849789206413],[135.19248744463994,35.54019180230989],[135.19283944198673,35.571108225264425],[135.30864138808965,35.693593054176176],[135.22396966256997,35.77915474789336],[135.08576596582668,35.7398756128693],[134.9421871731995,35.65203625207141],[134.86410111467478,35.65165833266599],[134.85372666685225,35.589079721252176],[134.92689861208135,35.512527505040396],[135.03003167272357,35.54026777523768],[135.0436325031376,35.517725838276874],[135.04916693910297,35.407742774709334],[134.99108055822126,35.385635278645225],[134.9335674969425,35.40707027877039],[134.9246999999051,35.31165999960933],[135.05678917008424,35.26460277479828],[135.0678747208417,35.23735110806723],[135.1572536058693,35.261229999664806],[135.2056308303986,35.161013891877644],[135.27387444944634,35.17727694577445],[135.28786527895954,35.14261333293899],[135.3898099997317,35.12876527889455],[135.38155083020672,35.01037527909591],[135.49260639377007,34.98933777481852],[135.48113749709785,34.94973944072268],[135.54160306143217,34.91516666660846],[135.58125805371628,34.922451667110806],[135.55732722357254,34.934685829287616],[135.57273055796895,34.97123777470358],[135.6132636060306,34.971195279038966],[135.59932167265708,34.92829166662716],[135.67577000008555,34.899301387349226],[135.74602472086428,34.80364249510512],[135.72863472111555,34.77799805356739],[135.75551360626798,34.72753194584266],[135.89006639364925,34.708278891657585],[135.92511583722614,34.75773916163308],[136.0281594423045,34.70613361287599],[136.0554763944201,34.738555559391614],[136.0101713879992,34.79845582877351],[136.02785778181124,34.82166472095014],[135.9463505583317,34.85163082939931],[135.94100693871928,34.893683333319245],[135.8978913875775,34.8712674947991],[135.8666372242286,34.892140279250555],[135.8787477817848,34.9470452787167],[135.8202394416969,35.012961946037024],[135.85676306116636,35.153615000332024],[135.8293244487644,35.220480559430314],[135.8598013883235,35.282402504771824],[135.86075527943262,35.28295999990411]]]]}},{"type":"Feature","properties":{"code":"27","name":"大阪府"},"geometry":{"type":"MultiPolygon","coordinates":[[[[135.42626998677054,34.655723873757836],[135.45357425394877,34.62922455916612],[135.42554936361228,34.593344775141304],[135.46640358026104,34.5846152790719],[135.42081710762352,34.56967905434493],[135.4020691441757,34.599917532368295],[135.40923905303998,34.5578180901328],[135.44478603125037,34.55722078381217],[135.43205763944854,34.531233278792854],[135.39008930038096,34.505483162418045],[135.3789912967111,34.5329378016383],[135.37593092087536,34.47322072055988],[135.222879611405,34.34728036000064],[135.09192489012162,34.31506033286814],[135.11063693914355,34.272372224998264],[135.48537610892038,34.36283249532346],[135.50782083006732,34.33649666668788],[135.68000333288762,34.40832499959913],[135.6771436056929,34.5251616669774],[135.6502847205635,34.54411194640926],[135.6817588850646,34.58477833335343],[135.65012138839143,34.60783277506255],[135.70964082996045,34.78016916177745],[135.74602472086428,34.80364249510512],[135.64928888507404,34.925348054269364],[135.59932167265708,34.92829166662716],[135.6132636060306,34.971195279038966],[135.57273055796895,34.97123777470358],[135.55732722357254,34.934685829287616],[135.58125805371628,34.922451667110806],[135.5413136056385,34.9152261081984],[135.48113749709785,34.94973944072268],[135.4930555511728,34.9890677749579],[135.3816933331808,35.01024750521822],[135.35002805375177,35.05119138697296],[135.33020389139654,35.03522361287946],[135.35469749659228,35.024790279248066],[135.34648138840544,34.96449610770924],[135.46838194577026,34.927170559174044],[135.4186008300643,34.908691386898056],[135.44589027191853,34.896872224973265],[135.41599055771815,34.817692775201465],[135.46019722392282,34.74772527899847],[135.40729749678212,34.69710082943976],[135.4250309728012,34.65638130605248],[135.42626998677054,34.655723873757836]]]]}},{"type":"Feature","properties":{"code":"28","name":"兵庫県"},"geometry":{"type":"MultiPolygon","coordinates":[[[[135.30356339763273,34.71885328844854],[135.3374703110061,34.72710902706001],[135.37123083003883,34.68077194606849],[135.40104866366494,34.699113774780926],[135.37618111496658,34.676569441126844],[135.4602950063096,34.73313555855924],[135.41599055771815,34.817692775201465],[135.4458177820651,34.897212225363944],[135.4186008300643,34.908691386898056],[135.46831111516587,34.92739861285577],[135.34510861197293,34.96672082900312],[135.35469749659228,35.024790279248066],[135.33020389139654,35.03522361287946],[135.39971221804444,35.076227224906575],[135.3898099997317,35.12876527889455],[135.28786527895954,35.14261333293899],[135.27387444944634,35.17727694577445],[135.20621306138378,35.16068472112306],[135.15752972831433,35.26109277481174],[135.0678747208417,35.23735110806723],[135.05678917008424,35.26460277479828],[134.92160389130663,35.315133613025864],[134.9335674969425,35.40707027877039],[134.99108055822126,35.385635278645225],[135.04916693910297,35.407742774709334],[135.03667472096163,35.538892225296024],[134.92689861208135,35.512527505040396],[134.85372666685225,35.589079721252176],[134.86750473385644,35.658232368728875],[134.84073797707606,35.64243833286281],[134.7637891436541,35.67471535992598],[134.61630014283742,35.63927533269049],[134.5387511405528,35.67035491874458],[134.36994443638673,35.614584730101285],[134.42179917019564,35.56254944120383],[134.4127022183328,35.51490444108714],[134.4399991704255,35.44292889185493],[134.4800061087949,35.42719083788688],[134.47230194597807,35.37824972134763],[134.513881946095,35.35359027936795],[134.51540805423838,35.27767444142239],[134.3825169388058,35.2217244414299],[134.4116322175529,35.151962505065626],[134.36739333313585,35.14696138685855],[134.3168738911172,35.0435288924445],[134.26435861156074,35.01656083771252],[134.2866813882356,34.99611222479939],[134.25409416341495,34.937656666821795],[134.29493888502157,34.90407749518033],[134.2527377816234,34.85189861333038],[134.33483138825807,34.76912749523774],[134.32172944235992,34.72194610822635],[134.35882888514504,34.751278828655074],[134.41397608283,34.72889874807879],[134.43308758822172,34.76617133284077],[134.46428272366882,34.76406900028417],[134.4654895850764,34.80901500004228],[134.47425653700964,34.75520989212288],[134.5275927240251,34.78292525199885],[134.56603379972012,34.7572959460511],[134.622435667672,34.78375955935621],[134.64557260689037,34.7667579462223],[134.6557219463108,34.788491387267754],[134.6501119457098,34.7706727751285],[134.74748405994148,34.76839805422685],[134.83159416334001,34.69818499094464],[134.8437004536131,34.72138596369132],[134.96624664057003,34.64394889192789],[135.05597988276543,34.62422074838889],[135.18340736675668,34.64952944063123],[135.19014600483433,34.68551958586028],[135.30351276310364,34.71896833332198],[135.30356339763273,34.71885328844854]]],[[[134.8947786120434,34.39898833344489],[135.0256676126703,34.57612010765689],[135.00365858607495,34.60869522490475],[134.79797749716386,34.449204999810945],[134.72962313919663,34.32955533311218],[134.67396647197518,34.31754802672009],[134.6581613357771,34.240657972987094],[134.72258844430132,34.25559780219686],[134.6999033847335,34.221275161919266],[134.73409077776728,34.18871994576892],[134.9516419464187,34.26652736014961],[134.89365664124102,34.35224105368172],[134.89471972803312,34.39831082918147],[134.8947786120434,34.39898833344489]]]]}},{"type":"Feature","properties":{"code":"29","name":"奈良県"},"geometry":{"type":"MultiPolygon","coordinates":[[[[135.96975416272448,34.740524161860606],[135.92441722407568,34.75767249488979],[135.8902494416585,34.70839389156487],[135.84901555102692,34.70597222503818],[135.75551360626798,34.72753194584266],[135.71165083002188,34.78133805380821],[135.704135550915,34.72378110831153],[135.67301861241913,34.70163610782015],[135.65012138839143,34.60783277506255],[135.6817588850646,34.58477833335343],[135.6502847205635,34.54411194640926],[135.68697805379418,34.451460828654376],[135.6512080536088,34.38096472084527],[135.6726844486285,34.28157138661027],[135.73020416309168,34.22839861270586],[135.6435152789071,34.21562277537083],[135.64179082978308,34.18291944087957],[135.53968167337064,34.0758108291065],[135.6386761088154,33.98514944069416],[135.60000416276193,33.90843777468359],[135.61796372204822,33.872063892334836],[135.68595778192616,33.90395499962358],[135.7561150063026,33.885165000064774],[135.8086027755977,33.906468054357276],[135.87311111538577,33.85904138715034],[135.8657577816963,33.92193861307658],[135.90908360602361,33.9184744407429],[135.89244916989333,33.94582444114508],[135.9219119457797,33.978401946093015],[135.98502221840067,33.99183889215118],[136.01963082959912,34.03679305415619],[136.10413944238144,34.02586722479265],[136.11469221767175,34.160816386567035],[136.09265250261092,34.19018305370503],[136.13184944229795,34.251896386908754],[136.09490360641632,34.301451108182164],[136.12950527934527,34.31617444089778],[136.06909666727745,34.39410138686958],[136.09589805425185,34.435221667046335],[136.2062477822094,34.44867749527026],[136.22986360592074,34.492871107815404],[136.21520693904904,34.528955278963],[136.16752167268714,34.51998138673167],[136.15549861197144,34.55973055871834],[136.0603113880602,34.569417775210184],[136.0465683397572,34.60055749533217],[136.07331666673088,34.63607082900563],[136.03955194606556,34.66139582865463],[136.08334083041507,34.667457225070905],[136.05358444926298,34.70479055903712],[136.06810306120735,34.723788053775706],[136.0445438911877,34.73716694589791],[136.01386610873396,34.707798892005314],[135.9703958370983,34.740766946437475],[135.96975416272448,34.740524161860606]]]]}},{"type":"Feature","properties":{"code":"30","name":"和歌山県"},"geometry":{"type":"MultiPolygon","coordinates":[[[[135.19257306099803,34.15941582917725],[135.20959591432006,34.14947269440938],[135.12525427956143,34.136278441197135],[135.14604418878832,34.11082591858133],[135.1156316991437,34.11989497257497],[135.0785771604077,34.073845712409764],[135.17152360563,34.02769305359158],[135.0676551360757,33.97682200003533],[135.1181008948405,33.96021872091728],[135.06801527858227,33.931536945973335],[135.0839725027289,33.910420278872834],[135.05765111540677,33.879876386586034],[135.14003817082494,33.88569446782549],[135.23481277588894,33.78151027867648],[135.40015739324917,33.72075310826938],[135.37781861223925,33.68274922539649],[135.3358050057965,33.69526527916935],[135.32955050605108,33.670638198394215],[135.39191527936669,33.642471720593505],[135.40563014291683,33.577762081055255],[135.58994961098585,33.50248055923049],[135.76659544732206,33.48186802688798],[135.76247094687676,33.433018332729944],[135.79798022011119,33.44519946818099],[135.79913649825085,33.49975349462812],[135.95958902671225,33.5819707211719],[135.92613622600607,33.604771134979956],[135.95372177683862,33.62188974811346],[135.93702280176092,33.64252822499765],[135.98616483763726,33.65520161336383],[135.97180335883797,33.67261319774093],[136.011889960953,33.723300730244546],[135.94506416268098,33.73249389157991],[135.8580263937032,33.816203613206255],[135.8513283402308,33.894316108201906],[135.6868825026255,33.90407249514959],[135.6204169385909,33.8718044406225],[135.60111333261432,33.90256582944954],[135.6386761088154,33.98514944069416],[135.53984444886225,34.07518166700038],[135.5462611152583,34.098101386669725],[135.62191833965971,34.15842166732614],[135.64807805405906,34.218986387311986],[135.73020416309168,34.22839861270586],[135.6726844486285,34.28157138661027],[135.6511286119959,34.3832063871651],[135.50782083006732,34.33649666668788],[135.48537610892038,34.36283249532346],[135.33823805414295,34.33527805383915],[135.2933730608181,34.29929277484172],[135.2080430612383,34.30820249504916],[135.1537891700342,34.27427833267899],[135.11140972837632,34.27183361293095],[135.10591778178025,34.30885555933662],[135.07638250255047,34.307194332552456],[135.0614386380828,34.26343419773008],[135.12321600481482,34.241775720573116],[135.10039069957122,34.23561274842967],[135.19192405984757,34.158894324013886],[135.19257306099803,34.15941582917725]]],[[[135.90908360602361,33.9184744407429],[135.93361472104266,33.917463054176665],[135.9290963939835,33.94142222465598],[135.96837834028827,33.92856999980569],[135.97821693876074,33.96726472118996],[136.00066138831244,33.95614305365905],[136.0064502721624,34.008666667232944],[135.9219119457797,33.978401946093015],[135.89244916989333,33.94582444114508],[135.9092888852739,33.91949110812817],[135.90908360602361,33.9184744407429]]]]}},{"type":"Feature","properties":{"code":"31","name":"鳥取県"},"geometry":{"type":"MultiPolygon","coordinates":[[[[134.43443749669314,35.47083055888322],[134.42179917019564,35.56254944120383],[134.36994443638673,35.614584730101285],[134.1961030612074,35.53271202663876],[134.03365756224673,35.51849483776658],[134.0075661351691,35.53789117104077],[133.78082600501614,35.50058955886112],[133.56386605697298,35.5306818017238],[133.44735444864898,35.4948975050159],[133.40204150481168,35.45278619802468],[133.2940409211517,35.47747213493113],[133.24504780761026,35.53083333299196],[133.27182836628617,35.552337559330965],[133.22192778194164,35.54763305372251],[133.19812444868444,35.52873194562284],[133.2224997282799,35.480223613429075],[133.32161416296333,35.407681386986496],[133.2925247208393,35.32064333292351],[133.3105513884359,35.267918053575386],[133.1526486124436,35.219071667123785],[133.1949052786557,35.16989027871347],[133.14845055824674,35.139982774585405],[133.13587917008772,35.07052444125003],[133.2495772242096,35.07903555944358],[133.26913917033653,35.057678332688965],[133.29313555116482,35.101595838077515],[133.41182583729267,35.12114610830628],[133.3964625029422,35.180859441010455],[133.5261111154357,35.182885838410755],[133.5055411147307,35.22817250495717],[133.5607694420562,35.246745559260205],[133.596799441641,35.345020558651925],[133.7452452788466,35.319512775394344],[133.83207555084607,35.24883250531593],[133.934100000115,35.335126945951856],[134.01480583681996,35.350391387252785],[134.00811888457895,35.3081744413974],[134.1397972237629,35.27882250515455],[134.17244778243924,35.16974333308838],[134.26047165983925,35.21097610766128],[134.3212174969899,35.201817224885076],[134.39030832686785,35.25231027899622],[134.46347221776875,35.23682305404077],[134.51537083039955,35.277308332813334],[134.5139147209876,35.353456667091564],[134.473280000072,35.37671805359537],[134.48011111543565,35.426947504723614],[134.43431832662952,35.47056944072716],[134.43443749669314,35.47083055888322]]]]}},{"type":"Feature","properties":{"code":"32","name":"島根県"},"geometry":{"type":"MultiPolygon","coordinates":[[[[132.13076861178206,34.70802610841821],[132.2223836062185,34.74953944089253],[132.24279277576602,34.806689161675536],[132.2978677821725,34.776559721054355],[132.31840583715973,34.80159777491741],[132.39668082975652,34.77942333332021],[132.43662055819232,34.820952494761855],[132.53805972777423,34.79499166723173],[132.61459027212345,34.843010829386344],[132.69865749674614,34.84294749463123],[132.7010474972443,34.88168889172903],[132.63402917031,34.90480416178269],[132.6852019464128,34.95063194590762],[132.74972194591112,34.96025889163457],[132.87318610865202,35.10231610780221],[132.95024083005035,35.075384721128046],[132.9908491702531,35.101320278608],[133.0331058373646,35.06824444132798],[133.140813606263,35.075638332642995],[133.14845055824674,35.139982774585405],[133.1949052786557,35.16989027871347],[133.1525138913031,35.21890638702018],[133.3105513884359,35.267918053575386],[133.2951411148706,35.346783891763266],[133.32450527919536,35.37403333267224],[133.30869000044322,35.43087666702462],[133.2224997282799,35.480223613429075],[133.1981666673579,35.528994440640986],[133.32644499364164,35.568531108224136],[133.14180527879068,35.56072250533941],[133.09020306112245,35.6037586130696],[133.0982063159688,35.58010281089605],[133.04770027204995,35.57803917077115],[133.028186667181,35.53842917066976],[132.9680144491076,35.543474171296],[132.97137027202052,35.515973054213134],[132.86502944205517,35.51318999961882],[132.7267697283404,35.47061805358038],[132.75343202256988,35.4475639733987],[132.6290925029167,35.43512750513031],[132.67491474721783,35.382673586317026],[132.62856172484373,35.28791005370607],[132.4176407782993,35.1907044408573],[132.31004858577364,35.05715777541104],[132.11247841764487,34.95315682942419],[132.0566671335814,34.872854414199935],[132.0082565891703,34.86840008109891],[131.94615238722292,34.792396026855215],[131.86477306082816,34.755505829330616],[131.84930647171632,34.71133727909222],[131.69062165966193,34.68104500002676],[131.72760972770686,34.576435559253696],[131.6679697284203,34.50409527917384],[131.69742527915332,34.43530777533363],[131.79381972779822,34.4362130535896],[131.76345666669192,34.380935559428565],[131.777168611942,34.333197224972025],[131.82034972815745,34.30243861325147],[131.91926055812837,34.338141387315204],[131.96097916985286,34.3080177752002],[132.01346693914797,34.37132749496794],[131.99751832690936,34.42791110781144],[132.0685849943021,34.46767110763557],[132.03646333321637,34.501154999703544],[132.0512994418159,34.528494720854724],[132.12552832697077,34.583151386927],[132.1163480538197,34.61246277543677],[132.16193444911562,34.68314082868636],[132.13068306107448,34.70780027875992],[132.13076861178206,34.70802610841821]]],[[[133.27904972806255,36.3488877745512],[133.2246455511513,36.32867138727477],[133.20445778210103,36.27958055879583],[133.17930165984376,36.28804417120159],[133.18225360621898,36.21219333265623],[133.24486111464876,36.1901588921192],[133.2496108561561,36.159189053931755],[133.27902778190662,36.188027224576786],[133.34205311266112,36.17070289242457],[133.30639019475177,36.199052973116295],[133.345164837987,36.22467886523748],[133.3394747473618,36.19600169392311],[133.3700616991881,36.20564019773701],[133.38587610919512,36.268181386561764],[133.2793144489027,36.348774999566615],[133.27904972806255,36.3488877745512]]],[[[133.06920499391538,36.14273610818492],[132.97768749678062,36.11467999968227],[132.94603693925342,36.06487805387911],[132.99835138760648,36.03797222503823],[132.9764511151269,36.08380083833805],[133.006344642891,36.10568933329614],[133.0075141626486,36.07419555907785],[133.04623527913486,36.06089805380219],[133.04109875540325,36.10968945030794],[133.09300389081693,36.139058053686256],[133.0695102723812,36.14271917125279],[133.06920499391538,36.14273610818492]]]]}},{"type":"Feature","properties":{"code":"33","name":"岡山県"},"geometry":{"type":"MultiPolygon","coordinates":[[[[133.9957967956857,34.61353586538792],[134.06306066092088,34.60856574771117],[134.05411038938303,34.586595586217356],[134.08580230942914,34.58030086519284],[134.17000722385433,34.613504999756],[134.17052217925527,34.65287699967382],[134.24500888475234,34.69846610822435],[134.1974603890858,34.70775100040839],[134.2142456936839,34.7160910810386],[134.1860627888667,34.74314856795212],[134.24377243834738,34.71527795541334],[134.32172944235992,34.72194610822635],[134.33483138825807,34.76912749523774],[134.2527377816234,34.85189861333038],[134.29501499374703,34.907462494798324],[134.25329944241537,34.94417833266397],[134.2866813882356,34.99611222479939],[134.267598054107,35.0215375051518],[134.3168738911172,35.0435288924445],[134.36739333313585,35.14696138685855],[134.41200416276195,35.15264833255458],[134.37998277608426,35.2093555590119],[134.39783499408975,35.250373613251725],[134.3212174969899,35.201817224885076],[134.26047165983925,35.21097610766128],[134.17728832669502,35.169158054300794],[134.1397972237629,35.27882250515455],[134.00811888457895,35.3081744413974],[134.01480583681996,35.350391387252785],[133.934100000115,35.335126945951856],[133.83207555084607,35.24883250531593],[133.7452452788466,35.319512775394344],[133.596799441641,35.345020558651925],[133.5607694420562,35.246745559260205],[133.5055411147307,35.22817250495717],[133.5261111154357,35.182885838410755],[133.40727555102592,35.18583722540768],[133.4033627761712,35.114320837636626],[133.29093972778628,35.10035889164959],[133.2668655511044,35.052588332685445],[133.3217572244164,35.006145000391484],[133.29519138787236,34.89572610827332],[133.37808583719175,34.80835972072458],[133.3582269394218,34.73320389174626],[133.4033780538541,34.6719224948273],[133.3835783269783,34.61978833266545],[133.44621416315317,34.55633805425782],[133.4563236446205,34.45453810814723],[133.49029073882662,34.45996282862171],[133.47380304777255,34.44145991874029],[133.5274702455555,34.45388652324448],[133.48580754917907,34.51387166704387],[133.5405432557667,34.46138540501249],[133.65944224396446,34.52080980173099],[133.69029133557672,34.50486125244487],[133.68762830090543,34.52559961343144],[133.73361177656227,34.46865094598439],[133.71898058388695,34.50387891937669],[133.73977027188062,34.525115108175726],[133.78662252860693,34.435486413966885],[133.8223859403589,34.429687532353796],[133.80758489003074,34.45767674838328],[133.8297731128389,34.475764441276],[133.93491917008373,34.45091249491577],[133.95947379967618,34.52271508113614],[134.00338505837385,34.511471720943234],[134.00106917010623,34.545434162057006],[134.04708503214863,34.57638325198553],[133.9460515557348,34.59899086463673],[133.99577418942738,34.613516973329695],[133.9957967956857,34.61353586538792]]]]}},{"type":"Feature","properties":{"code":"34","name":"広島県"},"geometry":{"type":"MultiPolygon","coordinates":[[[[132.43665671903238,34.35306322468813],[132.5248574058446,34.359400134708494],[132.49169844422784,34.33672010774683],[132.5145717768661,34.25694566740867],[132.55852141413197,34.23823958628793],[132.53155693870178,34.222170999991704],[132.5438021922174,34.193565919231844],[132.59562019501607,34.231140386619586],[132.64091169901576,34.201773829198885],[132.76058111482666,34.24046280211667],[132.75424105088382,34.282338081137596],[132.78849044138087,34.27799574780556],[132.79897797715194,34.312565054133984],[132.8471236451402,34.29170691873935],[132.91650701728508,34.33281212627867],[133.0756867964086,34.34379178366396],[133.0848763937306,34.39564861289324],[133.23405625219436,34.41156094558124],[133.25120901438459,34.4414264405778],[133.27397726304036,34.41757772123492],[133.24631666738037,34.38976916191734],[133.3792274581807,34.37600248572619],[133.3861977823019,34.42223638659999],[133.44052558968428,34.43625591887559],[133.4084745532581,34.478455999744654],[133.44495250335535,34.4461697213556],[133.4543886120449,34.53150610792062],[133.3835783269783,34.61978833266545],[133.4033780538541,34.6719224948273],[133.3582269394218,34.73320389174626],[133.37808583719175,34.80835972072458],[133.29519138787236,34.89572610827332],[133.3217572244164,35.006145000391484],[133.2495772242096,35.07903555944358],[133.03397861232315,35.06815750476511],[132.9908491702531,35.101320278608],[132.95024083005035,35.075384721128046],[132.88350693889413,35.10490305443244],[132.74972194591112,34.96025889163457],[132.6852019464128,34.95063194590762],[132.63402917031,34.90480416178269],[132.7010474972443,34.88168889172903],[132.69865749674614,34.84294749463123],[132.61459027212345,34.843010829386344],[132.53805972777423,34.79499166723173],[132.43662055819232,34.820952494761855],[132.39668082975652,34.77942333332021],[132.31840583715973,34.80159777491741],[132.2978677821725,34.776559721054355],[132.24166610870407,34.80613889169655],[132.2223836062185,34.74953944089253],[132.13076861178206,34.70802610841821],[132.16193444911562,34.68314082868636],[132.1163480538197,34.61246277543677],[132.12552832697077,34.583151386927],[132.036515837436,34.5018927747318],[132.0810433331833,34.443349162334016],[132.06979722376298,34.35629582878954],[132.12735527902294,34.33292444081036],[132.14430693931388,34.236816667255425],[132.20485610912215,34.22860777522868],[132.20949194609648,34.202575829311115],[132.24748917038892,34.21501172111408],[132.22065968859386,34.232759999974064],[132.2310579117933,34.2559239997928],[132.35875320399725,34.34528500899603],[132.3383253573295,34.35422891872969],[132.43364466916626,34.35374927880622],[132.43665671903238,34.35306322468813]]],[[[132.53485830136958,34.20046258617947],[132.50039494237274,34.18107391872644],[132.504382776444,34.13352333303544],[132.44735333279016,34.10841610781716],[132.46033972839587,34.0823872249905],[132.5322797283269,34.10391527886708],[132.5565086117831,34.079993891604886],[132.5701355513147,34.11551305378447],[132.58995972805906,34.10876472101512],[132.57624000007604,34.12785222529999],[132.53908972760894,34.107562775301915],[132.5577919461415,34.15059999999005],[132.52147097270733,34.15752094593495],[132.5590171339336,34.173212081372526],[132.53544983134475,34.19950182874646],[132.53485830136958,34.20046258617947]]],[[[132.47969194632628,34.29626850498755],[132.43414641982145,34.286028801687905],[132.47430784732933,34.20853438735213],[132.41981138828498,34.25799082891365],[132.37211693894562,34.25860361256673],[132.42874499358663,34.173173054392976],[132.43758166006558,34.19595055887123],[132.45718792478294,34.17786242261275],[132.42875555072817,34.128511386990965],[132.48999165958753,34.14217444059801],[132.47975320364753,34.296179089893144],[132.47969194632628,34.29626850498755]]]]}},{"type":"Feature","properties":{"code":"35","name":"山口県"},"geometry":{"type":"MultiPolygon","coordinates":[[[[131.06778871587665,34.03893377517363],[131.1334337996302,33.990464468160724],[131.1700761089254,33.99686030625816],[131.15772199697267,33.95330977462646],[131.18052844433225,33.93040086480812],[131.22771199691124,33.964320053927395],[131.21532577196683,33.936720279417386],[131.23900533063158,33.95143425198921],[131.2449083006776,33.91896830614246],[131.35555094681877,33.96625308101494],[131.38514717310363,34.051188639744],[131.41712941588992,34.021302305656945],[131.39567466935057,33.98492610755386],[131.42267658895344,34.015581333212026],[131.44061975359887,33.982655865276],[131.4797036062365,34.01183400033892],[131.47348258105637,34.03753469357133],[131.54009103837075,33.99751256835037],[131.5994237348176,34.03860921614245],[131.6097427628183,34.02090540516036],[131.75319002599895,34.07079233329961],[131.73723351501474,34.045688567773254],[131.79691286593606,34.05914191926422],[131.78109542161644,34.02751127902235],[131.82760975358735,34.029383467872776],[131.77790616124037,33.97394330613872],[131.81526824923037,33.96893691880382],[131.7946862776497,33.987735999716676],[131.86417102497285,34.007050748293466],[131.96262625209988,33.94590136015972],[131.96547389060765,33.91835919801861],[132.05698435774195,33.92032344057435],[132.13861693862088,33.8315541618951],[132.15826583659918,33.859724999609114],[132.11878050591565,33.95309836020124],[132.18940165995866,33.96540027909964],[132.22051632856574,34.04185889207429],[132.19909352774414,34.11861099969792],[132.2584145141186,34.136536577201355],[132.23085654998988,34.185526161802954],[132.24559832690136,34.210672928412976],[132.19542888483522,34.204388892233624],[132.20485610912215,34.22860777522868],[132.1447488850531,34.23641972089348],[132.12735527902294,34.33292444081036],[132.06979722376298,34.35629582878954],[132.06835389101934,34.467832494574],[131.99751832690936,34.42791110781144],[132.01346693914797,34.37132749496794],[131.95910055804438,34.3063708287508],[131.91926055812837,34.338141387315204],[131.83091832701928,34.302572224628534],[131.777168611942,34.333197224972025],[131.76345666669192,34.380935559428565],[131.79381972779822,34.4362130535896],[131.69742527915332,34.43530777533363],[131.6679697284203,34.50409527917384],[131.72760972770686,34.576435559253696],[131.690318327329,34.68124472056746],[131.65043082971908,34.64088749536165],[131.6037583267854,34.662016108156934],[131.60304472103712,34.62300333343717],[131.5603113880602,34.61841110818614],[131.53899722444237,34.56300500018068],[131.45538802903434,34.52550258557591],[131.4618773147863,34.485850269674245],[131.39690333302246,34.46015180226391],[131.41627299600202,34.42779133340338],[131.33726713427086,34.418209279135],[131.30634644583188,34.38282605397927],[131.22535669315698,34.39328830621042],[131.21462724964795,34.370928999973444],[131.19927203617556,34.397643359553456],[131.15592920926565,34.37244448622414],[131.13193878104994,34.41781289215129],[131.0198768608285,34.411000559128524],[130.97229846989853,34.44228102674805],[130.9352986117416,34.39176108110905],[131.01602680918995,34.40520380171415],[131.03587661481401,34.37124546780416],[130.92768722388632,34.3413234684034],[130.90095941584445,34.36296474782489],[130.8668613623621,34.28782902678819],[130.9214732808673,34.239735333319004],[130.9335386636784,34.18907744067138],[130.86157988320508,34.105074558943784],[130.91211686110432,34.05897827862469],[130.915479416342,33.93870386459173],[130.99675771739476,33.989763999708885],[131.0368476389075,34.0570821075533],[131.06711708238754,34.03915780169126],[131.06778871587665,34.03893377517363]],[[131.73385129699977,34.04876185607486],[131.73374324255667,34.04889199067287],[131.74009368377654,34.053852775185476],[131.74028193256515,34.05403054057706],[131.74066027195408,34.05374405434469],[131.74075552544718,34.05365053204645],[131.74109430635724,34.05342225173558],[131.74130719836853,34.053236693718475],[131.741672243979,34.052996613403025],[131.74233920908728,34.052504008852964],[131.74116509739144,34.05158764915075],[131.74088931309143,34.0513454410393],[131.74057566823262,34.05097930634997],[131.74038754894627,34.05067819804049],[131.74028898774668,34.05047290979701],[131.74018976734396,34.05019555887799],[131.74012085589288,34.049884774762575],[131.74009875505362,34.04968008996423],[131.73857916969303,34.050193333055915],[131.7373621531409,34.04924335129965],[131.73744133574905,34.04917321587129],[131.7353751487442,34.047560324049755],[131.73529793834928,34.04747780225881],[131.73385129699977,34.04876185607486]],[[131.7400473021413,34.04951867604609],[131.74007677022678,34.049155305872716],[131.74014740567827,34.04884377532005],[131.7402139950799,34.048649081090275],[131.74035779487645,34.04834100933016],[131.73937210104168,34.04757160424617],[131.73756558968023,34.04917522495674],[131.73862238661388,34.049999955433634],[131.7400473021413,34.04951867604609]],[[131.7392522313055,34.047493802097335],[131.73724263324095,34.0459250993639],[131.73549083033765,34.04748005416121],[131.7375004284021,34.04904879286755],[131.7392522313055,34.047493802097335]]],[[[132.23398917016414,33.96762999972475],[132.1726798825706,33.923665585698245],[132.20807474675223,33.85677744102611],[132.27931832697925,33.870850559405824],[132.28855583658265,33.90214499979197],[132.33770066125658,33.88249953182799],[132.32649778224686,33.8579505589712],[132.37211861168464,33.861957224846094],[132.37177722364004,33.91074166689447],[132.47216555069963,33.94821722504497],[132.41745758819718,33.95324233266757],[132.3311774971438,33.901263279276975],[132.28604111540517,33.955304161557876],[132.2340180536903,33.96748805433032],[132.23398917016414,33.96762999972475]]]]}},{"type":"Feature","properties":{"code":"36","name":"徳島県"},"geometry":{"type":"MultiPolygon","coordinates":[[[[134.6074258370328,34.10092389182421],[134.64191238684725,34.18011166662018],[134.5855241885905,34.20172063969579],[134.58764836567957,34.240206197657926],[134.44020669258487,34.20785388295042],[134.41530250280834,34.15704999975776],[134.35553000010952,34.185289999833685],[134.17380555098543,34.177007775288644],[134.12233083020374,34.118786387282],[134.0511100001264,34.117950278582555],[133.9939341630312,34.07261749480159],[133.93911583662657,34.115395559157776],[133.85853917044642,34.10527444136244],[133.67954861177907,34.01251999959834],[133.69051722369102,33.91629055856248],[133.66128944155457,33.876754441364426],[133.74800027189508,33.83677805386412],[133.8384216600316,33.84526833296724],[133.9133897276539,33.79118138741114],[133.9597833328346,33.834660279048705],[134.03282832706566,33.8283997205707],[134.05805666668186,33.69103333312188],[134.1746541629593,33.68428527914239],[134.18417333303296,33.649023332960496],[134.14925138814112,33.627140829285906],[134.19316999969578,33.56162722461676],[134.31370666682926,33.54553416237172],[134.31141194590464,33.576654720638885],[134.3636511147073,33.58010472055645],[134.33204440992165,33.5825665588996],[134.36384666689025,33.58855805371127],[134.3899269387773,33.62331972142806],[134.36249150457934,33.628059666620345],[134.39713880731017,33.656934676194396],[134.51686937702016,33.70139151400724],[134.58197832723806,33.771659161641026],[134.7501939555866,33.833903378138416],[134.62879201024316,33.856948171021315],[134.7116466933403,33.92579344101455],[134.63919011743008,34.0078028648104],[134.60752053204703,33.98273133278485],[134.588272437623,34.00808646781627],[134.60695972830888,34.099843892381784],[134.6074258370328,34.10092389182421]]]]}},{"type":"Feature","properties":{"code":"37","name":"香川県"},"geometry":{"type":"MultiPolygon","coordinates":[[[[134.13525693885674,34.15153833282784],[134.2602636061805,34.183557775171266],[134.41913639362974,34.157716945980326],[134.44020669258487,34.20785388295042],[134.3784776913924,34.26168461255486],[134.25839763884005,34.28489549493122],[134.26623163408271,34.33624400036035],[134.21083771728684,34.369404414382245],[134.16431752263566,34.32681086482961],[134.16376308699694,34.382407585941394],[134.13634077840425,34.40032716226875],[134.12234561595744,34.36067038662907],[134.0917026723405,34.38482194637578],[134.0597528267316,34.34774266729033],[133.89422462986283,34.38257580233147],[133.86581490343508,34.32757449536672],[133.8308377824378,34.33145108060296],[133.85372477307988,34.36050786474624],[133.81920596638236,34.353124251782845],[133.827168560181,34.32009744104414],[133.76844053190507,34.3049180000657],[133.674000998947,34.222012432427846],[133.67293386520578,34.24696883774175],[133.55694513620915,34.26173128826838],[133.64862761307393,34.19321134173009],[133.63119625170566,34.06014835955921],[133.59886805411747,34.042694161706265],[133.67954861177907,34.01251999959834],[133.85515472121347,34.10428277513],[133.93911583662657,34.115395559157776],[133.9939341630312,34.07261749480159],[134.0511100001264,34.117950278582555],[134.12233083020374,34.118786387282],[134.13533527880008,34.151359999964086],[134.13525693885674,34.15153833282784]]],[[[134.1997980292557,34.482708774990044],[134.24152705602887,34.46227466724213],[134.2322472504103,34.41482572113017],[134.29634435810567,34.47974946766385],[134.31685180286843,34.46007072118687],[134.28064814509594,34.44394080202642],[134.3196319967193,34.458011135205766],[134.33779413728962,34.43290146832817],[134.36220930001923,34.54164622479351],[134.34355827539412,34.545024494784684],[134.36684549942038,34.56142916222609],[134.17172452696536,34.52893086506742],[134.15598138823054,34.50484110763108],[134.1809640861237,34.48747727905322],[134.14086000028885,34.469706667328865],[134.19923805379324,34.48283527902498],[134.1997980292557,34.482708774990044]]]]}},{"type":"Feature","properties":{"code":"38","name":"愛媛県"},"geometry":{"type":"MultiPolygon","coordinates":[[[[132.68577603133883,33.80499482924802],[132.69924736657276,33.7565859728644],[132.64727722366501,33.69269472088473],[132.4795757979848,33.618893621643394],[132.4224599870388,33.54761809030265],[132.25851778236984,33.473714161679254],[132.2607799999971,33.45028777476102],[132.15677972760238,33.439940829106035],[132.16545555123275,33.41116249485333],[132.12044306099858,33.420010829136515],[132.01266749670765,33.344300828920154],[132.09455805441075,33.38759305367654],[132.12078693926594,33.38834861279827],[132.10333944226147,33.361911945879626],[132.15318250326993,33.37278861290423],[132.29990778181877,33.474734440741884],[132.3169863940069,33.45168805426033],[132.35278137466082,33.48866638714412],[132.37320610877498,33.46047208072201],[132.42088067410384,33.46337914373254],[132.38221005185244,33.44247327861899],[132.4162054090524,33.44291002717608],[132.37874163381946,33.3859826853527],[132.3844318548463,33.36208986505528],[132.41937666679985,33.38305241443743],[132.42004639372612,33.35555036026096],[132.3702139950799,33.31920861338688],[132.5228673671354,33.315729747929595],[132.46778230900645,33.254311081191474],[132.54222911787951,33.27158997329866],[132.52007481210296,33.248680306251174],[132.5575357328878,33.22223827037993],[132.48900593967244,33.19973222536197],[132.51543046664278,33.1710173598633],[132.492591997123,33.184600972756755],[132.48674630399876,33.16443410844738],[132.45856189371648,33.21070980171601],[132.38935702980314,33.198504441227044],[132.4298566671515,33.204333468115124],[132.46462121899413,33.171980774792985],[132.4315816990362,33.16956769409387],[132.44068306117435,33.138027639863765],[132.5028323866054,33.1297404141888],[132.4466287813932,33.1241217747002],[132.48413408641898,33.05656325199254],[132.40366875540883,33.069381585891506],[132.37853005212025,33.02358774757653],[132.39745827477964,33.0143419192442],[132.41654830076357,33.05788105376769],[132.48467661503378,33.047222225025735],[132.51122944198528,32.97674419808635],[132.55390374795968,32.960367972603876],[132.4927275879079,32.96464349530112],[132.4972636711816,32.98778427912123],[132.46993089459522,32.969635053714796],[132.502845940288,32.95586310839576],[132.46053269772585,32.938151494895635],[132.49116005159522,32.89783805408297],[132.526985498582,32.91502489158552],[132.49702031103857,32.91851391938195],[132.52702386455974,32.93282508111264],[132.5124692743376,32.95009097262033],[132.56762680883025,32.92930419843009],[132.54816344998335,32.94511930631097],[132.60230457789407,32.94763633335015],[132.5990301688073,32.912616251738655],[132.684017782095,32.94789610791912],[132.66931138811015,33.092391946431235],[132.61944416321762,33.18087944143315],[132.6958352793747,33.13758722477064],[132.7407866669712,33.20147694610421],[132.77559055785798,33.205971666859],[132.79264306092853,33.27457999966731],[132.89866888536085,33.31491666727044],[132.8094363937746,33.46479416222087],[133.0152863942518,33.48080249483934],[133.06413999956135,33.54250972074709],[133.04659250334146,33.57632805359685],[133.07962000026282,33.60869972081554],[133.07501972787816,33.65061861335835],[133.11661111521084,33.660217775430056],[133.19274416281291,33.793781946179934],[133.2369205578375,33.78272500015868],[133.282219441674,33.831970558794296],[133.49905832658055,33.829085000372515],[133.5500455509615,33.88204610804149],[133.66042333327027,33.88160694570405],[133.69051722369102,33.91629055856248],[133.68562610875802,34.00572638686333],[133.59849518800263,34.0436309459115],[133.5123038906121,33.96986786461031],[133.32115944235443,33.9944422253285],[133.11899069976107,33.92449966732585],[132.9418873018576,34.142778865052605],[132.89150352796548,34.11875182903373],[132.92700680901703,34.110057586388564],[132.9222503891442,34.06603205443582],[132.76559961063356,33.99855219812548],[132.75528036319827,33.911404414182414],[132.709453748192,33.906864945860605],[132.7189376648414,33.864848919342194],[132.6855375230383,33.80520855942751],[132.68577603133883,33.80499482924802]]],[[[133.01152308672113,34.2996762250778],[132.96447144040474,34.26407780204897],[132.99126805377773,34.260787531619314],[132.99057669276021,34.224980973093466],[132.95411625156385,34.22294835957916],[132.94863455274253,34.1929150807664],[133.05856046709198,34.2200665864039],[133.05749527858427,34.25795941379596],[133.01165752277655,34.29975780168127],[133.01152308672113,34.2996762250778]]]]}},{"type":"Feature","properties":{"code":"39","name":"高知県"},"geometry":{"type":"MultiPolygon","coordinates":[[[[133.60143111475418,33.519565467572306],[133.73818779513067,33.53813131470844],[133.9318947986061,33.4886205316123],[134.17651151839198,33.24301959467863],[134.2088510888068,33.39570535132094],[134.30684499430106,33.553411108336036],[134.19316999969578,33.56162722461676],[134.14925138814112,33.627140829285906],[134.18417333303296,33.649023332960496],[134.1746541629593,33.68428527914239],[134.05826111495855,33.69085472056895],[134.0581325029127,33.7811411078759],[134.03306027211397,33.828246108271344],[133.98514999987265,33.840784720638396],[133.9133897276539,33.79118138741114],[133.8384216600316,33.84526833296724],[133.74800027189508,33.83677805386412],[133.6607480541794,33.88180916186337],[133.5513011151544,33.88225361311379],[133.4992805580514,33.82913110771449],[133.282219441674,33.831970558794296],[133.2369205578375,33.78272500015868],[133.19296583670405,33.79391582915224],[133.11661111521084,33.660217775430056],[133.07501972787816,33.65061861335835],[133.07962000026282,33.60869972081554],[133.04659250334146,33.57632805359685],[133.06413999956135,33.54250972074709],[133.0152863942518,33.48080249483934],[132.80937972839183,33.46471194619943],[132.8978016601186,33.3138433327037],[132.79264306092853,33.27457999966731],[132.77559055785798,33.205971666859],[132.7407866669712,33.20147694610421],[132.6958352793747,33.13758722477064],[132.61944416321762,33.18087944143315],[132.6639697281205,33.10823055899317],[132.6915163940664,32.97357110841995],[132.6556603107748,32.92425805386614],[132.70825691332595,32.925959640425106],[132.72250194610797,32.88109510755322],[132.6568458366661,32.854258612844774],[132.67400805432828,32.8404327747528],[132.6265400003208,32.79675416167527],[132.62872416308971,32.76288805414043],[132.71077722378993,32.79909555921273],[132.8023841629988,32.74683277511252],[132.86173692601835,32.790640368957895],[132.86834610938547,32.76562610755889],[132.8794563546271,32.78966691939286],[132.9352163944211,32.786911107961316],[132.94535111536175,32.7648441623283],[132.96967105067847,32.77789938664745],[132.96570944173743,32.729393333335736],[133.02017254222915,32.72346355000286],[133.00270499394037,32.78714582921668],[132.95186536989092,32.81295909868351],[132.94937389079246,32.857478891737514],[133.00937416298734,32.88120638696523],[132.9929884442614,32.9528384140616],[133.01625941573946,33.02070870294432],[133.09626184231024,33.02457866737166],[133.1722980536124,33.1521327750076],[133.22361165995017,33.154285278942496],[133.2110574974056,33.18507749473065],[133.26421693886073,33.25731416211892],[133.2385152788571,33.296623332700676],[133.26070435781992,33.31040168478995],[133.2314649942142,33.32435435067282],[133.26407832725306,33.34063222539692],[133.2595063943047,33.36680138717435],[133.29107578531932,33.40512047702845],[133.31902722442692,33.3548794408336],[133.3457071984285,33.400909126355145],[133.45739878142865,33.4199574678629],[133.4172452787467,33.439518892383035],[133.4030722178087,33.41412389220392],[133.35042861219074,33.415860829313885],[133.5748849679669,33.49550002690478],[133.5526340336338,33.540791612742794],[133.57327070018277,33.536626640107386],[133.5643271339901,33.50117053209442],[133.60098269839284,33.519436531770566],[133.60143111475418,33.519565467572306]]]]}},{"type":"Feature","properties":{"code":"40","name":"福岡県"},"geometry":{"type":"MultiPolygon","coordinates":[[[[130.9150667696158,33.8957767663847],[130.84820486356364,33.905454612840174],[130.85503092114016,33.92948699982526],[130.8050455765922,33.875139865112715],[130.7425699744249,33.873621494736255],[130.81497022039946,33.9029137213912],[130.80910124472678,33.931461251835344],[130.75361330740827,33.92085305402526],[130.76972258083254,33.94899700021142],[130.68150708218616,33.93713380208334],[130.63169243795573,33.883671279206226],[130.52506427999253,33.89007594594818],[130.51800703010042,33.86057164026903],[130.47760294392083,33.85776894627992],[130.46938369620068,33.81428866698843],[130.44396413733512,33.81541363972775],[130.47081408590145,33.774202721378515],[130.45564914379304,33.733123945813475],[130.31818335877506,33.66106429737948],[130.3605997535758,33.6439448289907],[130.43049652439515,33.686789224643064],[130.3932115559686,33.59730219793812],[130.27294503168798,33.5826157212386],[130.21001871629073,33.66744791908627],[130.1476130220234,33.59293572140649],[130.08807114057072,33.58236900032915],[130.1358747208418,33.56677730562819],[130.11594313896478,33.546753946137756],[130.16396885897575,33.55059846784508],[130.12680102544698,33.51004469400749],[130.04529491622748,33.49640322502887],[130.0429761087605,33.46799416230078],[130.27496944158656,33.47968166707534],[130.39671917005376,33.42743027918408],[130.41097082993986,33.395040279285524],[130.4765933326163,33.43846389229486],[130.537002218078,33.43826582920468],[130.53597845684033,33.34296229687254],[130.47994535679288,33.33087311710074],[130.45020670577492,33.26541145007843],[130.4279303107353,33.29091256756101],[130.41489592730522,33.2526489640785],[130.3910684436538,33.259761748006326],[130.33970221798302,33.20501722536471],[130.4253828272557,33.05285244058774],[130.3966290786691,33.000038918861094],[130.50594667989537,33.00267568523475],[130.49672846974318,33.05175789191321],[130.57687721061484,33.11501756800641],[130.65957031072128,33.10948555031797],[130.68002154335966,33.171308748300135],[130.85332200960318,33.10914120710106],[130.88749662776718,33.18648079325408],[130.82626145330346,33.236763252222374],[130.86804750968486,33.26407863142373],[130.8353479640374,33.34354594608857],[130.88635011716428,33.37969638737843],[130.8949207003301,33.44615571191662],[131.02958610891187,33.51885916162104],[131.17748722405622,33.507335278600294],[131.18517347597515,33.62218710804865],[131.09366520138803,33.62351734205174],[131.00435328077936,33.74814036038936],[131.0106633586272,33.78221770338433],[130.98502369608673,33.78504933306033],[131.01176920908176,33.8195905679504],[130.96655605671674,33.80949833278186],[130.9566918941157,33.829614162363725],[130.99345938993895,33.8510298018839],[130.98720856032685,33.89995625227925],[131.02386678312564,33.95955389169882],[130.9630075621493,33.96219666734237],[130.91708966325746,33.89610086496299],[130.9150667696158,33.8957767663847]]]]}},{"type":"Feature","properties":{"code":"41","name":"佐賀県"},"geometry":{"type":"MultiPolygon","coordinates":[[[[130.27211389084346,33.47935110776746],[130.0390263286023,33.4700144676936],[129.99890985730417,33.44678574816379],[129.93746180341952,33.480043747620925],[129.96929399522173,33.51146497263045],[129.93306464291902,33.54933830631785],[129.89507224438864,33.55108730603439],[129.87429693925242,33.5160041621624],[129.84592722366256,33.55610916170849],[129.8575187806673,33.505895224784865],[129.82811000007655,33.51824861278328],[129.83171666729038,33.47506082899412],[129.85895749719077,33.45408305408972],[129.8350002719451,33.442301946077976],[129.80662138776688,33.48575416202499],[129.78297180260665,33.451268314581114],[129.87058824934832,33.405014613333776],[129.8486150580386,33.3366452249972],[129.827569494037,33.3371636670696],[129.8536202456778,33.29158969410912],[129.7893588849047,33.34047749524029],[129.75896749695244,33.290851107892365],[129.8144516598163,33.24226527931921],[129.82079138831193,33.18199527885906],[129.94335722365702,33.16444444075836],[129.95666472129994,33.118042774954176],[129.92235666712656,33.090493332801145],[130.00834778172486,33.01967861317752],[130.0886822182099,32.97403166742754],[130.2118713098132,32.95513202702148],[130.22434241187284,32.97307855872856],[130.12605863779595,33.117184559120176],[130.19172744476577,33.14042322515178],[130.24642972804952,33.202901197931965],[130.2878145779805,33.1469186128038],[130.3557840989571,33.14035694601631],[130.34062916990035,33.206623613289196],[130.3910684436538,33.259761748006326],[130.41489592730522,33.2526489640785],[130.4279303107353,33.29091256756101],[130.45020670577492,33.26541145007843],[130.47811841823045,33.32917117081291],[130.54195916968,33.366341395638926],[130.53368499406724,33.44145999987916],[130.41097082993986,33.395040279285524],[130.39671917005376,33.42743027918408],[130.27250805380368,33.47934582874706],[130.27211389084346,33.47935110776746]]]]}},{"type":"Feature","properties":{"code":"42","name":"長崎県"},"geometry":{"type":"MultiPolygon","coordinates":[[[[129.20536478605607,34.33152121603132],[129.16669832676644,34.10400344120592],[129.21477357963704,34.11282330565109],[129.21417579757508,34.083927829305935],[129.28257677010197,34.1309534591349],[129.31686464258928,34.26146805400754],[129.3533667961408,34.2768305951559],[129.33925133588048,34.29955526086667],[129.3051566539565,34.276924495169396],[129.31000892267366,34.30830883808244],[129.26675398201075,34.32828965784148],[129.29094456513963,34.27778566707491],[129.2559277561611,34.31155405427626],[129.22236171192355,34.29052735984982],[129.20559627784598,34.33146785565708],[129.20536478605607,34.33152121603132]]],[[[129.4497910510163,34.706444261193724],[129.415332982731,34.69234367572011],[129.43479686138608,34.673193864605196],[129.4083276650897,34.67833500006026],[129.39651953334987,34.639595585967584],[129.31974024641534,34.6472001893373],[129.2857325163426,34.562765314667615],[129.3449503109082,34.53237177463774],[129.31832731525344,34.53705704464693],[129.2739053963171,34.46899130610393],[129.3119763155546,34.44994074776736],[129.27377814494548,34.440877423354436],[129.27652583729764,34.373139261068104],[129.22732381304365,34.362396612813484],[129.28791212674332,34.33914731499664],[129.28102680923996,34.3834143418984],[129.30912387826447,34.38601663995604],[129.30774675720716,34.336816486291866],[129.32045570656567,34.370313342087115],[129.3555931128319,34.374753161928936],[129.35406927367808,34.31843797333386],[129.33313830129168,34.31864411683256],[129.35291610899128,34.29553263112609],[129.3796114137358,34.312906873853194],[129.36432845719264,34.33858342298663],[129.39472871605744,34.33509330611122],[129.36474147893614,34.346367306206275],[129.39349726268858,34.35981844986162],[129.37368496778709,34.3890705586594],[129.3994861998283,34.41310868511778],[129.35173345013868,34.3859832247461],[129.3794829959436,34.41181764896538],[129.3689272367027,34.43998826994277],[129.38567885899226,34.42770234188964],[129.36829507086088,34.452710477106905],[129.4735455636769,34.55552621556245],[129.47938761274816,34.59515202664477],[129.43319883266008,34.617291802075044],[129.47964931276567,34.61733318887559],[129.4912572761025,34.64514244067118],[129.46531826162857,34.6543394861784],[129.49755885895422,34.6689918381029],[129.44996129717617,34.7062492971674],[129.4497910510163,34.706444261193724]]],[[[129.70426175127886,33.863519332850956],[129.67131810624562,33.837789774978205],[129.68869664143688,33.80546963981209],[129.64964191963895,33.80689341409982],[129.68603280187233,33.75965986461114],[129.64235282722132,33.76712730608034],[129.71613272404602,33.703870666997716],[129.73445080436124,33.73930377484936],[129.78846247666206,33.742005640447985],[129.79842175066335,33.76344346804166],[129.7579338908365,33.77568977466342],[129.79944678264292,33.788395667226325],[129.74863572016238,33.80667041370867],[129.76824002615638,33.84672386501438],[129.704417638863,33.86344027884587],[129.70426175127886,33.863519332850956]]],[[[130.12890237414535,32.655531386864084],[130.16967461669026,32.5908990809279],[130.23210954611875,32.6111941525881],[130.2595881576674,32.65309551374702],[130.34327263262594,32.66848937828223],[130.38192930009723,32.779847359568066],[130.34119573289684,32.854981126377936],[130.29719115424848,32.881371125676935],[130.19523684760247,32.848121179648786],[130.15298789937208,32.899147684618015],[130.20186189411118,32.92910430611886],[130.20286333327624,32.95837055855446],[130.05986527875962,32.98658555927619],[129.92235666712656,33.090493332801145],[129.95666472129994,33.118042774954176],[129.94335722365702,33.16444444075836],[129.81714778234436,33.184535558769085],[129.8144516598163,33.24226527931921],[129.75896749695244,33.290851107892365],[129.78889007821465,33.37147986460411],[129.70569312573718,33.3464825770094],[129.6692755768065,33.363020252382796],[129.67248635526119,33.399459449793824],[129.64723225726289,33.3648754953079],[129.56943998656618,33.37775058632053],[129.56218917019407,33.32453416202202],[129.6225885857947,33.30990572127206],[129.58389574579212,33.29197869406153],[129.5533529183026,33.21618610820241],[129.61467452660816,33.22432127920371],[129.60062147929784,33.207134919241184],[129.62180263318498,33.2166128922712],[129.62728450107898,33.18734466672305],[129.63960893630338,33.22318350461512],[129.65644819662703,33.1841861982345],[129.63536230882357,33.16700019800078],[129.69834741919806,33.14146446831063],[129.65739221767672,33.13317574796247],[129.665729273887,33.101548107858946],[129.71168241181397,33.11599063985619],[129.71690024594966,33.16660910802398],[129.7314183012137,33.12410653209082],[129.79399036286497,33.13838574810387],[129.7981103891832,33.06622625243966],[129.83766438400414,33.05917886541238],[129.8220525939521,33.03678801815255],[129.8749101428889,33.065418180104984],[129.93237156869304,33.026609982264915],[129.95096210132,32.98700314417982],[129.93070162118295,32.9237178742805],[130.00495158194997,32.84214001804747],[129.88078016896964,32.88219880233294],[129.8479736714478,32.83178897328253],[129.78858197138095,32.867115954837516],[129.81099286632775,32.89481108086676],[129.7833685861914,32.94133480175975],[129.79854727623592,32.95445638705269],[129.8131333589174,32.91994146812431],[129.82274680941782,32.981744720942174],[129.76412917022503,33.02189333311088],[129.73872888473034,32.98861055913005],[129.76222194558636,33.048969441386646],[129.72707888528237,33.046628333430874],[129.72975910509865,33.07535141423642],[129.67711027172174,33.09906222524154],[129.6469397275864,33.037421945766255],[129.66182499402828,33.00045110783242],[129.6268530612199,32.97814027865098],[129.63372610927263,32.92546027926852],[129.6522567830242,32.93095494631376],[129.7016577166304,32.83108208097332],[129.73754849486716,32.80571389228237],[129.77710847017977,32.81897574843208],[129.80459505781573,32.74402805405151],[129.82975613533745,32.743965918992046],[129.81542972829936,32.71819622527562],[129.8706864328327,32.748704386598206],[129.83722710844438,32.68880419815525],[129.83008863808027,32.70832913538135],[129.79270418934698,32.695360108382374],[129.82029080407744,32.68528997315377],[129.81700949359333,32.65463119787154],[129.73840311341303,32.56975474798327],[129.78136958483856,32.57157364031133],[129.8388013878738,32.641371946158415],[129.89564683473372,32.661919468308895],[129.95525511043502,32.76414546823884],[130.17906067361127,32.79455832390755],[130.20643625163177,32.72749279335778],[130.126627729686,32.68897918014511],[130.12894259362588,32.65610468488336],[130.12890237414535,32.655531386864084]]],[[[128.80881165983033,32.79810110777993],[128.76572000007798,32.76166333309641],[128.79875077772624,32.75523235129202],[128.7736619463418,32.734303918591024],[128.7577666665984,32.769066107914625],[128.73876407270382,32.738479918713324],[128.73703083000885,32.75750166726817],[128.69792263272336,32.73750569393269],[128.69707917026756,32.76670361318128],[128.65101555062722,32.77545805374626],[128.64947778187423,32.6797727753933],[128.6788865498744,32.67216005384347],[128.63576666669837,32.62842916227606],[128.66763102455218,32.63002689242717],[128.6430244752994,32.60382961334602],[128.6115261091427,32.64695694560663],[128.59851888523838,32.61227055923899],[128.65607333331775,32.590434162007],[128.7355394419917,32.607423612709624],[128.77170250256847,32.573904162347276],[128.793741971215,32.59873898201846],[128.76175661497587,32.61974133269638],[128.7701025807695,32.64475041400044],[128.89309308677662,32.64090333282263],[128.84066600463245,32.70951413516923],[128.85556221762226,32.74601277506957],[128.80360201042447,32.75185538711645],[128.82619734103457,32.760293910235816],[128.8089183266195,32.79794889212775],[128.80881165983033,32.79810110777993]]],[[[129.5545455506367,33.40954416213344],[129.51784360639738,33.400084440844296],[129.55241430577564,33.38129536938584],[129.5246813884354,33.38015277533037],[129.52406275019587,33.354530027239036],[129.5122100003913,33.381736666713834],[129.49862444855955,33.355429720705104],[129.43734972820744,33.34784166665963],[129.44716455310174,33.29179799957808],[129.40370472079633,33.265351666746085],[129.4348954216864,33.23599619796619],[129.38227250317357,33.22763110808921],[129.3999161998728,33.18003091939147],[129.3566699997208,33.20754277527891],[129.3486374971228,33.182220559031634],[129.3937958367086,33.173387495236796],[129.46386999970082,33.21417610814092],[129.5047183266895,33.2694127748797],[129.4767615564008,33.28797838729281],[129.51001138821505,33.28765472128839],[129.5320708299049,33.311195829324106],[129.51384632944462,33.330446108201386],[129.57014737979785,33.35710004503113],[129.55455221821035,33.4094258293386],[129.5545455506367,33.40954416213344]]],[[[129.11300194598311,33.164249440759136],[129.10764583658613,33.08787194573375],[129.07422194638582,33.05647277479875],[129.08809281533127,33.02460418023878],[129.06817722429957,33.04596472099513],[129.04229944196572,33.027717775255155],[129.0658077166529,32.980983666962686],[129.04985452686503,32.95941925169717],[129.01231138826006,32.97650333266273],[128.99169055787297,32.943849441098905],[129.0355594683948,32.94578245019994],[129.02616111504346,32.919602494759374],[129.06775420209476,32.90436349527914],[129.037988611885,32.90850222479787],[129.0594458369559,32.81631333339368],[129.06607608334468,32.86251780215491],[129.1001774966942,32.859923053905845],[129.08117360597714,32.89584819793606],[129.10159406021774,32.96152094573512],[129.14041888472377,32.93683444135644],[129.18309250271693,32.972991667131794],[129.16554972793767,33.008793053656575],[129.0882994417659,32.98307758636156],[129.11314277621818,33.164260559077604],[129.11300194598311,33.164249440759136]]]]}},{"type":"Feature","properties":{"code":"43","name":"熊本県"},"geometry":{"type":"MultiPolygon","coordinates":[[[[130.60608914399882,32.75428901822369],[130.60704642015628,32.71298731511257],[130.45102224428126,32.623703685376825],[130.46697418940732,32.60464224344486],[130.65165123241854,32.64262480159334],[130.65669077775726,32.618356739172214],[130.6180506227381,32.619291053839106],[130.63399662784218,32.60340145871038],[130.54383766457659,32.538237891765334],[130.57255634230137,32.50744822465589],[130.53115350233236,32.52003325193306],[130.5651389490033,32.50543761305545],[130.54249549926794,32.48454356773152],[130.57543983138316,32.43419805369729],[130.4886168609794,32.36638493741498],[130.50704618743168,32.35368855877999],[130.46503836632758,32.326229395969904],[130.4907989490124,32.298790801554276],[130.44876070024623,32.28765482041371],[130.4348205448323,32.23313471189749],[130.40218938992848,32.23526362211851],[130.3626969393124,32.16547314397047],[130.40267073856376,32.120203486301875],[130.45373482530204,32.11290460386442],[130.58267780813435,32.15491364894581],[130.60860668005432,32.1873938022822],[130.6990728148586,32.10699917956856],[130.82059171163826,32.094920198108696],[130.90601198426577,32.1335940093561],[130.97443016891725,32.1208016937432],[131.01212591437945,32.17433082041106],[131.10896530530465,32.16014881121873],[131.10053149193482,32.20154290078432],[131.0427024637478,32.248163126127395],[131.050506510667,32.28582460382245],[131.0785943319629,32.2812227657181],[131.111916498048,32.32995597338953],[131.01989214031005,32.43867311707072],[131.01810433214928,32.546859188600706],[131.0519238521042,32.587634026589114],[131.1080366536687,32.58175565839696],[131.11554907922664,32.642104631023926],[131.23500549870482,32.74433158603392],[131.26518241183885,32.826461036048045],[131.32950487704852,32.833013865197756],[131.2573856287438,32.88743085564954],[131.26350936436575,32.97655754109769],[131.17454852109745,33.08308466742352],[131.16121744502914,33.14076756836863],[131.10330389136152,33.18723399974937],[130.9925192476652,33.183480711565664],[130.97833245138156,33.140902062879945],[131.02405072596025,33.08754446840254],[130.97629071334586,33.02293708987486],[130.68002154335966,33.171308748300135],[130.65957031072128,33.10948555031797],[130.57687721061484,33.11501756800641],[130.49672846974318,33.05175789191321],[130.50594667989537,33.00267568523475],[130.41413669265432,33.00231376566779],[130.44339756174816,32.91528560414736],[130.52321815799166,32.88089793659054],[130.52371106381463,32.850584937145186],[130.5844708557455,32.84192624290182],[130.6060033333872,32.75433007227508],[130.60608914399882,32.75428901822369]]],[[[130.35106730231416,32.402477152998244],[130.35376648523516,32.37663057713945],[130.40401744544886,32.39443757723245],[130.46104585038574,32.530139594766524],[130.39468176405228,32.50001789191225],[130.38461726307628,32.52433806285137],[130.3199456675586,32.519183108413756],[130.2046279119486,32.45141541419008],[130.2461149293606,32.40841917970141],[130.23437944215755,32.38501610770726],[130.26153208813537,32.410560495170785],[130.30694014337303,32.394624702767885],[130.34937499406078,32.42171688282792],[130.35123153021107,32.402472954962946],[130.35106730231416,32.402477152998244]]],[[[130.11795307427496,32.54359491037684],[130.0459963937186,32.51260110795482],[130.01254302194297,32.52964138744011],[130.04736472120499,32.49103749488455],[129.97686472113003,32.32918416171975],[130.07169111455335,32.300332774637866],[130.061084851185,32.2759858200896],[130.04995693876174,32.30475722506594],[130.0340165885948,32.27487325169926],[130.02424166032438,32.30171777465563],[129.9918863940419,32.28483805383314],[129.96719693898763,32.2431238919541],[130.01109666657794,32.23903749488454],[129.9995249935837,32.19064833275439],[130.07761416286337,32.21210249473438],[130.09149055814282,32.254034720625896],[130.16647082956524,32.29588055944032],[130.1396105837615,32.29737210843609],[130.15753843115374,32.33518479274403],[130.1815372239638,32.31108055892071],[130.22494422829357,32.36594313466799],[130.21939330685564,32.392546468444834],[130.19329702973425,32.38787349486597],[130.21699250280187,32.42093138707389],[130.19985416303928,32.53582638667848],[130.11808215306894,32.544172107856525],[130.11795307427496,32.54359491037684]]]]}},{"type":"Feature","properties":{"code":"44","name":"大分県"},"geometry":{"type":"MultiPolygon","coordinates":[[[[131.51781112788126,33.26535121618571],[131.498834111605,33.360262440859],[131.593022671659,33.34715541379137],[131.59713428032285,33.371665278729665],[131.6500655511843,33.38405889160464],[131.62845778230087,33.4206050813595],[131.70149610895828,33.405990829213465],[131.73955555104794,33.46634361316728],[131.73938313932047,33.57135422531729],[131.63581111509097,33.68227082923545],[131.52217425443837,33.68405780192609],[131.4305831388009,33.57407316184697],[131.42307306137275,33.59488838698951],[131.42691097306306,33.567470476980986],[131.27891525283667,33.58083012630931],[131.25473413687098,33.616142612591545],[131.1879405064493,33.619721333372866],[131.17685527944764,33.506938054347756],[131.02958610891187,33.51885916162104],[130.94241832674447,33.48564249500521],[130.8949207003301,33.44615571191662],[130.8862226067879,33.37950805405353],[130.8353479640374,33.34354594608857],[130.86804750968486,33.26407863142373],[130.82626145330346,33.236763252222374],[130.88749662776718,33.18648079325408],[130.8398075491791,33.100231468007905],[130.99085210064402,33.02382437809263],[131.02405072596025,33.08754446840254],[130.97833245138156,33.140902062879945],[130.99221813216116,33.18320432382052],[131.1055847213579,33.18635399064419],[131.26321381296714,32.97715198217827],[131.26383819697526,32.87939618928277],[131.35919852059533,32.80405819812739],[131.4752550710648,32.83724243159298],[131.5366169393203,32.758703053603085],[131.71078166034545,32.772238333332496],[131.7357280544062,32.83110166730813],[131.76681111544065,32.838979721237195],[131.85879693902757,32.82143666676882],[131.85348111476173,32.73674277475931],[131.8857961606643,32.7459845318607],[131.87469830088594,32.790420667280046],[131.89624430612992,32.764386413702084],[131.88998038868408,32.804808918896526],[131.93642360586477,32.78444472084726],[132.00797444936143,32.82663138742862],[131.94239717269147,32.836774197771035],[132.01561455256956,32.89057310756294],[131.98627972772726,32.889346667015104],[131.9765537477573,32.92242416174571],[132.00980250308316,32.905833892220414],[132.02606710831049,32.93541164013516],[132.08204082972054,32.94323610796005],[132.00344693932482,32.93236749526375],[132.00330778182877,32.95886999975073],[131.9595861092116,32.94558305431457],[131.8896569133359,32.99160674765335],[131.9297307001118,33.05259725166189],[132.01798610887192,33.05962500019365],[132.0028351880935,33.096281865016124],[131.9740079765869,33.06213310775678],[131.94087985721967,33.096857747686954],[131.91245019462087,33.06654182904225],[131.85163955861879,33.08931894591268],[131.90099481206096,33.110152224945296],[131.9009322183473,33.13477555914477],[131.79836736736013,33.12715430572666],[131.90303744492223,33.26748513473126],[131.75943924762328,33.240227467723514],[131.6919147732483,33.27942777537157],[131.58926953276284,33.24564991920846],[131.51824224398445,33.26527214419417],[131.51781112788126,33.26535121618571]]]]}},{"type":"Feature","properties":{"code":"45","name":"宮崎県"},"geometry":{"type":"MultiPolygon","coordinates":[[[[131.5075431912653,32.046278350765306],[131.59117924762427,32.304545774667815],[131.64347693890966,32.40765589180603],[131.6899310252967,32.42294958625445],[131.6540387811649,32.4288501982781],[131.6798491440228,32.429972161885814],[131.67457031067136,32.454130559178],[131.64183499359012,32.439072918780255],[131.6566735537416,32.47938374796166],[131.72885871605695,32.49228816226895],[131.71437141400963,32.51979402687289],[131.6845361353345,32.50916761329478],[131.69025011734914,32.561400279099644],[131.7553552787232,32.60280555892945],[131.77716555064967,32.674027774862],[131.8266432683722,32.70656281112491],[131.85099944187084,32.69332389218391],[131.88570722400925,32.74586805436729],[131.84700916973748,32.735929999869654],[131.85548639428168,32.82318444070944],[131.74155221776073,32.834359440735625],[131.71114194584413,32.77237833259403],[131.56836055779354,32.75408082876726],[131.51128639355227,32.77033110779445],[131.51746555079455,32.800804162282304],[131.4752550710648,32.83724243159298],[131.36438522739638,32.803370404720454],[131.34026914410583,32.83344023377981],[131.26518241183885,32.826461036048045],[131.23500549870482,32.74433158603392],[131.11554907922664,32.642104631023926],[131.1080366536687,32.58175565839696],[131.04619164712688,32.58454121580451],[131.00940689960885,32.51540558619888],[131.01989214031005,32.43867311707072],[131.111916498048,32.32995597338953],[131.04162225656194,32.25789941412671],[131.10896530530465,32.16014881121873],[131.01212591437945,32.17433082041106],[130.97443016891725,32.1208016937432],[130.90601198426577,32.1335940093561],[130.82079671929318,32.09492408138129],[130.73519422783136,32.10894808058947],[130.70343082966917,32.07662138666774],[130.77763610941895,32.015868891835964],[130.80008027208692,31.949613332988974],[130.86562583686293,31.93394610782667],[130.9135500000325,31.886400559238496],[130.8768283273655,31.815849162009272],[130.99005861171565,31.777847225269284],[130.9785166667109,31.751568332712452],[131.0167972242126,31.747323333005454],[131.05436499434904,31.633368892060787],[131.0792687155788,31.660214198326628],[131.18835083022668,31.62463333276213],[131.20075749676118,31.517738613046618],[131.16007639421025,31.459519162179618],[131.2430552790779,31.42624055925444],[131.25386333322626,31.380737225342727],[131.30934250305415,31.390713892232384],[131.33588389062913,31.36065389186365],[131.33246165997764,31.396349721362583],[131.37186832696182,31.43008916208521],[131.36303749708293,31.471754161625313],[131.38962055834213,31.485106387050166],[131.38213605673366,31.55560894569635],[131.4692925029467,31.645310279046214],[131.45037166012412,31.680044720687363],[131.4885450058474,31.78500471179808],[131.45104916978346,31.836696000120355],[131.4863614788992,31.92307105418587],[131.454460336975,31.898469414332055],[131.5034458107756,32.04391882919066],[131.5075431912653,32.046278350765306]]]]}},{"type":"Feature","properties":{"code":"46","name":"鹿児島県"},"geometry":{"type":"MultiPolygon","coordinates":[[[[130.69831316472084,31.55569925201894],[130.6882480027432,31.4781241262275],[130.75586416300075,31.425334162241825],[130.80350918290253,31.332549135434306],[130.7443772241296,31.131739441122363],[130.65321138799527,31.070527495247745],[130.67820555134517,31.062011107926367],[130.66046583672903,30.994265278919556],[130.7477953826509,31.060915972893895],[130.96253416262152,31.138203332717694],[131.01702277598042,31.227960558932693],[131.06547916962802,31.227397495198318],[131.1296944491396,31.276894721014628],[131.07697719803934,31.271473414366653],[131.10886778192264,31.330550000082496],[131.0171455514261,31.356941440994774],[131.01637138802914,31.37958110818164],[131.06745769071995,31.45169825207273],[131.10867888472285,31.47629446811527],[131.16030082991938,31.46186082861442],[131.1995138908535,31.514671387074884],[131.18940250282333,31.62223694617819],[131.0792687155788,31.660214198326628],[131.05436499434904,31.633368892060787],[131.0167972242126,31.747323333005454],[130.9785166667109,31.751568332712452],[130.99005861171565,31.777847225269284],[130.8768283273655,31.815849162009272],[130.9135500000325,31.886400559238496],[130.86562583686293,31.93394610782667],[130.79971917000375,31.94994833314911],[130.77745778195117,32.01606972124068],[130.70339666712255,32.058388332755385],[130.7206017122993,32.100799215611346],[130.61046668039307,32.18666269392821],[130.45373482530204,32.11290460386442],[130.40267073856376,32.120203486301875],[130.36055752321124,32.16896409002078],[130.30951216575386,32.108117359728396],[130.22715778180623,32.12884082884125],[130.17582025889794,32.105828783871345],[130.17132832694085,32.07832805439625],[130.2076862256389,32.05904366693176],[130.17314380004643,31.9918658650177],[130.20364150495152,31.98304191944908],[130.22423988286437,31.910720413616275],[130.1668314397192,31.79147413512328],[130.18909647182477,31.746380694213713],[130.2505954992829,31.731681919285222],[130.31716953324747,31.657816081447038],[130.33458389113378,31.595893612700138],[130.27112888499016,31.42650361275156],[130.22557258100983,31.399028198292797],[130.15971722407073,31.44018889220365],[130.1078113880851,31.417895829129236],[130.20969972766034,31.34752777488694],[130.17325416304925,31.323964441006183],[130.22551306117884,31.308648892132737],[130.19906444856554,31.295733333426654],[130.2294369390636,31.281466108074483],[130.21442166033137,31.249716946180172],[130.2778119197843,31.245879828591285],[130.2879209470941,31.269605532369496],[130.45909832712618,31.251364441216026],[130.52172499381345,31.164380279026716],[130.5542817253214,31.178696306089705],[130.58699527880913,31.155202225402434],[130.6347688846763,31.185043891962096],[130.66766639358923,31.267382224809865],[130.56791416330805,31.317777802303794],[130.51288325605753,31.462398613305425],[130.54565859926504,31.478962874437173],[130.5136511152068,31.490780585755488],[130.53143841834844,31.48425553216714],[130.56280771740228,31.597168720959758],[130.61945192026997,31.657842721164684],[130.61602963655855,31.700430360372877],[130.68566333319632,31.734968306442227],[130.79448953316546,31.70221555870114],[130.82315946763538,31.65972149485117],[130.75477306142773,31.558986945890865],[130.70671338481498,31.557342081371985],[130.7171780544237,31.60278169382019],[130.6791009730315,31.62938672102041],[130.59108583704176,31.588907559436393],[130.63835172525194,31.54538027887685],[130.69822389081992,31.555722693747384],[130.69831316472084,31.55569925201894]]],[[[130.9492033329675,30.635646667259948],[130.9274852532419,30.538082422765626],[130.84912166033644,30.46716527935422],[130.87241499435652,30.344717495316218],[130.98128999963387,30.398676666994618],[130.9627697283404,30.4800850001227],[131.0348397279712,30.56642777482199],[131.07858472090822,30.696474440742918],[131.05670444935095,30.83982749544259],[130.9415819455504,30.672507775313647],[130.9486796892163,30.63615422483764],[130.9492033329675,30.635646667259948]]],[[[129.78505591399926,31.791093387349974],[129.7761740862651,31.741454973368377],[129.6969114402109,31.71653589171808],[129.66482616119845,31.63409916224657],[129.7139075620844,31.622018613268438],[129.7389465242627,31.705327864989044],[129.80189189359612,31.763898585651248],[129.78516933919366,31.791114945898073],[129.78505591399926,31.791093387349974]]],[[[129.85206099931577,31.883021945706275],[129.81811241225807,31.849620278652992],[129.8652588588094,31.85985089160539],[129.84114775596424,31.850301161669336],[129.87108014343391,31.80115974812395],[129.92976863841204,31.824019332826026],[129.93835089477807,31.87052805392659],[129.90500267173593,31.868309802355554],[129.91072466940807,31.84294505357144],[129.85244852078267,31.882977413976505],[129.85206099931577,31.883021945706275]]],[[[129.57085389079452,28.345354440555013],[129.61270020804818,28.40068196400148],[129.71036306140627,28.4220450003765],[129.719196666593,28.47446972090097],[129.68996250286727,28.530765828580172],[129.64584639389602,28.501282774780293],[129.67418600468045,28.461590162056382],[129.66584980462483,28.438966892208384],[129.64788861216982,28.468094720994657],[129.65364533086733,28.422514666818472],[129.62034456504966,28.418127756790568],[129.62053832668255,28.450888054340282],[129.58962421498563,28.413718963559347],[129.6221058369149,28.47821194562482],[129.54415499415768,28.462475828796528],[129.49928083044608,28.382418072336236],[129.46349767767572,28.413796441052966],[129.4466245533805,28.380131332894734],[129.39498333301447,28.386065279189324],[129.40021778212497,28.35558694568107],[129.3391380536783,28.3685127746449],[129.31429499441856,28.333250829362328],[129.21084917025303,28.30671249498573],[129.24927416337198,28.27390055926344],[129.29381394295922,28.28443566737218],[129.27430936368626,28.261433720889556],[129.13382555100839,28.25407055940883],[129.24715333266022,28.203608612847233],[129.254344552759,28.233388720812854],[129.29413250261302,28.223099161796938],[129.26314111487056,28.183061386573797],[129.28329917032056,28.19744027894575],[129.29567306106298,28.14846582903482],[129.3781072238694,28.108929999619818],[129.33800347617955,28.170183027424855],[129.40100639402988,28.153846945879877],[129.40429972755044,28.192263333386165],[129.47563722397877,28.20904944107889],[129.40755693890162,28.250120558916706],[129.44278389066403,28.245670000270366],[129.45782749714135,28.295631946257345],[129.53795277560016,28.30655082925739],[129.57086041537593,28.344989973208726],[129.57085389079452,28.345354440555013]]],[[[130.17426805422735,32.229418054000064],[130.14550805355384,32.21707110784541],[130.15532285326708,32.19711516243484],[130.10675888541425,32.21480361299638],[130.12187107688874,32.20036404516458],[130.09074639433072,32.18071194559985],[130.15718389142353,32.08951972065864],[130.2097733326732,32.15512555889745],[130.17437416343694,32.229344720582446],[130.17426805422735,32.229418054000064]]],[[[130.49797917040246,30.46946582878502],[130.41961972786817,30.396393891764717],[130.37856888524595,30.392969161897383],[130.39097499420063,30.32230138699947],[130.44251805356544,30.235912225269033],[130.58220250294323,30.2388827750201],[130.66522610929758,30.315468332697435],[130.67165749669618,30.376017775000378],[130.49807555074608,30.46936694562811],[130.49797917040246,30.46946582878502]]],[[[129.20940499394533,28.201226946366546],[129.17563083039852,28.187831945587845],[129.219824449239,28.139728053806664],[129.2153149939918,28.07702805370178],[129.2510572240118,28.111266108244365],[129.27451693890566,28.065946387116128],[129.31817111470525,28.097106666639377],[129.3182016601785,28.062061666612692],[129.34102472071436,28.07689916196682],[129.34283027159984,28.11850277468335],[129.26037722392982,28.117009721121804],[129.27502194600606,28.14204416240824],[129.24523968866072,28.12216449479564],[129.27011555069214,28.1677491615946],[129.22070389087196,28.15849082908852],[129.2032388849666,28.18141166661519],[129.24287527927083,28.18807638671592],[129.2094113881251,28.201148054239354],[129.20940499394533,28.201226946366546]]],[[[130.01914805403953,28.378522495217055],[129.92206757465885,28.32301514423358],[129.91973639431922,28.290520000097956],[129.9781333326872,28.288245558885478],[130.03414027235578,28.358426666557477],[130.01923333315187,28.378449999967586],[130.01914805403953,28.378522495217055]]],[[[128.90806138762298,27.892576666779803],[128.87885888542928,27.828071107695507],[128.9071791050318,27.761010161889487],[128.8809013878888,27.722528613105055],[128.92579639428823,27.66596638703919],[128.9831808300313,27.66870138725926],[129.0379552794127,27.768840279255528],[128.96871722422054,27.81758889231361],[128.9723047205864,27.89196638683933],[128.90830000024494,27.892532224982233],[128.90806138762298,27.892576666779803]]],[[[128.5776533331349,27.401139720921435],[128.5224433330934,27.388746386836317],[128.55521055812085,27.32994944081412],[128.71373944212166,27.434792774566915],[128.57779360579036,27.401177225348704],[128.5776533331349,27.401139720921435]]]]}},{"type":"Feature","properties":{"code":"47","name":"沖縄県"},"geometry":{"type":"MultiPolygon","coordinates":[[[[127.67988761332276,26.244306224652576],[127.67294374815549,26.206266585634467],[127.63650481244724,26.19870713542599],[127.6769356678468,26.074515198117922],[127.83059652431018,26.165749468163483],[127.82118377371228,26.191620829337865],[127.78724654958864,26.17062446814475],[127.7606335543951,26.202349973372634],[127.81623180255576,26.305150927873058],[127.84928604441552,26.30152360413109],[127.83874613482635,26.33186755914062],[127.86478791213256,26.343857162378185],[127.92223608282904,26.29554700029388],[127.8305313882131,26.43196144096777],[127.86979693897763,26.457608891637108],[127.94880250303311,26.437717225269807],[127.95087133584354,26.47243122532086],[128.00126610934353,26.483323613394077],[127.99605499404277,26.508867224742687],[128.0531574968211,26.520531667302635],[128.04167888477275,26.559204161942546],[128.0953169391255,26.53430472058642],[128.15104666726995,26.56814194639378],[128.12348544669612,26.603210559020113],[128.15175000006252,26.597945828837],[128.14827722391476,26.62923749481456],[128.23854583702087,26.631940829006112],[128.32715805360135,26.7493050000258],[128.30582277570056,26.844755558921975],[128.24958555113233,26.87090472067638],[128.23198333296455,26.79798861278431],[128.09862658904592,26.680606000266778],[128.12457678299222,26.661750973428752],[128.05219197118254,26.634958864759824],[127.98266888486125,26.649146946174653],[128.00055163395086,26.69216005374352],[127.88004306073867,26.709868999854507],[127.89491666657102,26.60654733339277],[127.97958352765772,26.589577162356193],[127.97990744457297,26.565526135123093],[127.91721165959052,26.51624694633955],[127.84399693900764,26.50393555937859],[127.79792165965694,26.43675277522044],[127.71153274973665,26.440656413862484],[127.76003752331314,26.30848049507881],[127.67988900097669,26.243914972797825],[127.67988761332276,26.244306224652576]]],[[[124.31646878090953,24.612119856046547],[124.27917194592862,24.50663972134612],[124.22852708175947,24.499109604324815],[124.22289054486282,24.455362486289744],[124.13995190735466,24.442412622044912],[124.11776630427164,24.48241480210146],[124.11965964967317,24.446678648800628],[124.0766486770948,24.453334233588066],[124.08441034975795,24.416205963934146],[124.11921354097217,24.43472147691466],[124.14345581083705,24.413232765679652],[124.11095723668723,24.365487162002978],[124.14539251615179,24.337106990894938],[124.24919217857621,24.35822700886939],[124.2524423221555,24.466836099006798],[124.34045831429978,24.586190783577877],[124.31653505824636,24.612047476809664],[124.31646878090953,24.612119856046547]]],[[[125.26700063627038,24.914804694181328],[125.29651888503861,24.84628138687657],[125.2561035276558,24.794715559375618],[125.28514333259875,24.75316527915436],[125.26114555062668,24.768500828950152],[125.26118527907738,24.735326945781992],[125.3087926983244,24.71157855930312],[125.46923277567214,24.718720829302868],[125.33520372197427,24.79891897263252],[125.26712861159626,24.91482277505105],[125.26700063627038,24.914804694181328]]],[[[126.77613499423467,26.391336386864793],[126.70782472103406,26.35741194570477],[126.81150416298681,26.29118582886298],[126.82593333285706,26.352113251725257],[126.77618805423538,26.39128277468035],[126.77613499423467,26.391336386864793]]],[[[123.78199499437358,24.437322225440425],[123.74299444863493,24.393564441445847],[123.75157778238884,24.312692775151504],[123.7037438913676,24.350116494580618],[123.71023722406869,24.314873333437617],[123.68642693905201,24.332721667271187],[123.66166499414419,24.308404161922567],[123.68046416319066,24.282575828811503],[123.71836277592138,24.278025558732622],[123.72373527905995,24.299616945565617],[123.88057805383414,24.256238892211172],[123.93977555070114,24.36485472096865],[123.872854448574,24.404020829197975],[123.81585221840521,24.390433333031922],[123.78234639367122,24.43730527861578],[123.78199499437358,24.437322225440425]]]]}}]}